timestamp,device,soil1,soil2,soil3,soil4,soil5,water_temperature,air_temperature,air_humidity,light_level
2025-03-20T10:16:59.310856,both_devices,21,11,20,23,100,-127,24.34769,31.01902,2.251467
2025-03-20T10:17:05.164457,both_devices,9,12,11,18,100,-127,24.36867,31.03647,2.251467
2025-03-20T10:17:11.026971,both_devices,8,10,9,19,100,-127,24.39632,31.26783,2.222227
2025-03-20T10:17:16.908492,both_devices,12,14,13,21,100,-127,24.41978,31.95906,2.207679
2025-03-20T10:17:22.772426,both_devices,13,12,14,21,100,-127,24.43027,31.57806,2.222227
2025-03-20T10:17:28.654194,both_devices,13,12,15,22,100,-127,24.44038,31.37875,2.067636
2025-03-20T10:17:34.527708,both_devices,7,8,9,14,100,-127,24.44611,31.1821,2.132799
2025-03-20T10:17:40.376446,both_devices,12,13,13,20,100,-127,24.4524,31.14891,2.078896
2025-03-20T10:17:46.250060,both_devices,10,13,12,21,100,-127,24.46194,31.06203,2.187392
2025-03-20T10:17:52.118818,both_devices,23,17,22,28,100,-127,24.4772,31.20823,2.242675
2025-03-20T10:17:58.016306,both_devices,14,14,15,22,100,-127,24.48502,31.29597,2.034039
2025-03-20T10:18:03.920404,both_devices,27,26,29,38,100,-127,24.49322,31.30264,2.216402
2025-03-20T10:18:09.806635,both_devices,23,21,24,34,100,-127,24.52126,31.23055,2.207679
2025-03-20T10:18:15.690205,both_devices,16,17,17,26,100,-127,24.52393,31.04506,2.222227
2025-03-20T10:18:21.578161,both_devices,31,27,33,41,100,-127,24.52869,30.93557,2.222227
2025-03-20T10:18:27.456551,both_devices,53,60,57,70,100,-127,24.53327,30.88484,2.207679
2025-03-20T10:18:35.363253,both_devices,33,29,35,44,100,-127,24.54681,30.97544,2.216402
2025-03-20T10:18:41.230919,both_devices,30,26,31,40,100,-127,24.5739,30.99728,2.239748
2025-03-20T10:18:47.094462,both_devices,28,23,30,37,100,-127,24.57924,30.88636,2.219314
2025-03-20T10:18:52.947559,both_devices,24,24,26,33,100,-127,24.58,30.78156,2.201873
2025-03-20T10:18:58.829415,both_devices,49,56,50,65,100,-127,24.58248,30.8012,2.319443
2025-03-20T10:19:04.697088,both_devices,36,40,39,47,100,-127,24.58591,30.77269,2.225142
2025-03-20T10:19:10.544491,both_devices,29,34,31,44,100,-127,24.58954,30.76496,2.222227
2025-03-20T10:19:16.398194,both_devices,21,19,23,29,100,-127,24.5842,30.70755,2.207679
2025-03-20T10:19:22.252074,both_devices,22,16,23,29,100,-127,24.58954,30.85575,2.207679
2025-03-20T10:19:28.123577,both_devices,10,6,10,15,100,-127,24.613,31.79779,2.236823
2025-03-20T10:19:33.970692,both_devices,22,25,25,32,100,-127,24.62292,31.74839,2.216402
2025-03-20T10:19:39.841742,both_devices,23,24,25,33,100,-127,24.6294,31.30503,2.22806
2025-03-20T10:19:45.700446,both_devices,12,12,14,19,100,-127,24.63608,31.14796,2.328383
2025-03-20T10:19:51.552943,both_devices,8,9,9,14,100,-127,24.63856,31.05373,2.115703
2025-03-20T10:19:57.412426,both_devices,10,10,13,16,100,-127,24.64027,30.98392,2.225142
2025-03-20T10:20:03.291077,both_devices,8,8,10,14,100,-127,24.64638,31.02436,2.210585
2025-03-20T10:20:09.160189,both_devices,10,10,11,16,100,-127,24.65324,31.11134,2.245603
2025-03-20T10:20:15.012233,both_devices,15,15,17,23,100,-127,24.66068,31.05593,2.239748
2025-03-20T10:20:20.862054,both_devices,15,14,17,23,100,-127,24.65839,31.02789,2.2339
2025-03-20T10:20:26.717872,both_devices,7,7,9,14,100,-127,24.6645,31.14023,2.2339
2025-03-20T10:20:32.572010,both_devices,6,9,11,14,100,-127,24.67136,31.22902,2.22806
2025-03-20T10:20:38.438845,both_devices,11,14,14,18,100,-127,24.67232,31.15015,2.213492
2025-03-20T10:20:44.293377,both_devices,11,11,14,18,100,-127,24.67651,31.20041,2.207679
2025-03-20T10:20:50.144547,both_devices,5,5,7,10,100,-127,24.67976,31.26011,2.207679
2025-03-20T10:20:56.006892,both_devices,11,9,12,15,100,-127,24.68224,31.18687,2.225142
2025-03-20T10:21:01.887299,both_devices,8,7,3,4,100,-127,24.68834,31.11973,2.198973
2025-03-20T10:21:07.770674,both_devices,8,10,10,15,100,-127,24.69616,31.13918,2.236823
2025-03-20T10:21:13.614829,both_devices,9,10,11,15,100,-127,24.69826,31.08959,2.204775
2025-03-20T10:21:19.466087,both_devices,7,7,10,13,100,-127,24.69788,31.0154,2.22806
2025-03-20T10:21:25.318842,both_devices,7,6,9,13,100,-127,24.70531,31.08215,2.216402
2025-03-20T10:21:31.173712,both_devices,4,5,6,10,100,-127,24.71066,31.15759,2.251467
2025-03-20T10:21:37.033445,both_devices,5,7,8,12,100,-127,24.71466,31.33411,2.207679
2025-03-20T10:21:42.886211,both_devices,4,6,6,10,100,-127,24.72496,31.3488,2.196075
2025-03-20T10:21:48.739755,both_devices,6,6,9,12,100,-127,24.73145,31.29358,2.251467
2025-03-20T10:21:54.598612,both_devices,5,7,7,11,100,-127,24.72973,31.24485,2.239748
2025-03-20T10:22:00.446024,both_devices,7,7,9,12,100,-127,24.73202,31.31008,2.207679
2025-03-20T10:22:06.307770,both_devices,11,12,13,18,100,-127,24.74003,31.35185,2.198973
2025-03-20T10:22:12.191856,both_devices,13,8,14,18,100,-127,24.74823,31.43225,2.301612
2025-03-20T10:22:18.044417,both_devices,7,6,9,12,100,-127,24.75662,31.53152,2.216402
2025-03-20T10:22:23.902875,both_devices,24,23,26,32,100,-127,24.76864,31.59819,2.245603
2025-03-20T10:22:35.140041,both_devices,22,20,25,32,100,-127,24.77512,31.56643,2.193179
2025-03-20T10:22:40.287366,both_devices,11,9,13,16,100,-127,24.78294,31.5547,2.245603
2025-03-20T10:22:45.510935,both_devices,19,22,22,29,100,-127,24.78123,31.40287,2.251467
2025-03-20T10:22:50.551240,both_devices,14,12,18,20,100,-127,24.78085,31.4085,2.216402
2025-03-20T10:22:55.618894,both_devices,16,17,19,25,100,-127,24.78638,31.42881,1.981407
2025-03-20T10:23:00.743736,both_devices,15,18,19,26,100,-127,24.79095,31.43692,2.251467
2025-03-20T10:23:05.790254,both_devices,15,13,16,22,100,-127,24.79248,31.44712,2.239748
2025-03-20T10:23:10.925063,both_devices,11,10,14,18,100,-127,24.79725,31.40306,2.251467
2025-03-20T10:23:16.830383,both_devices,12,10,13,17,100,-127,24.80507,31.33535,2.248534
2025-03-20T10:23:22.676193,both_devices,11,10,14,19,100,-127,24.80698,31.24447,2.239748
2025-03-20T10:23:28.531206,both_devices,11,12,14,18,100,-127,24.81194,31.20747,2.251467
2025-03-20T10:23:34.396000,both_devices,9,8,15,14,100,-127,24.8106,31.2767,2.239748
2025-03-20T10:23:40.258913,both_devices,12,13,14,19,100,-127,24.82605,31.44226,2.251467
2025-03-20T10:23:46.112683,both_devices,10,12,9,18,100,-127,24.83921,31.63834,2.322421
2025-03-20T10:23:51.992060,both_devices,11,8,12,16,100,-127,24.84665,31.70509,2.248534
2025-03-20T10:23:57.855691,both_devices,9,7,10,15,100,-127,24.85371,31.66857,2.242675
2025-03-20T10:24:03.729955,both_devices,11,10,12,16,100,-127,24.86477,31.54745,2.225142
2025-03-20T10:24:09.586141,both_devices,16,14,17,23,100,-127,24.86858,31.37989,2.239748
2025-03-20T10:24:15.447613,both_devices,9,7,12,15,100,-127,24.86591,31.28777,2.245603
2025-03-20T10:24:21.340142,both_devices,14,8,15,20,100,-127,24.86191,31.31199,2.251467
2025-03-20T10:24:27.203224,both_devices,11,13,13,18,100,-127,24.85638,31.32534,2.236823
2025-03-20T10:24:33.056172,both_devices,11,11,12,18,100,-127,24.85943,31.42061,2.251467
2025-03-20T10:24:38.903433,both_devices,7,6,9,12,100,-127,24.86439,31.39725,2.245603
2025-03-20T10:24:44.761604,both_devices,2,7,9,12,100,-127,24.85733,31.13194,2.251467
2025-03-20T10:24:50.649684,both_devices,8,9,11,17,100,-127,24.86095,31.19049,2.248534
2025-03-20T10:24:56.508946,both_devices,16,16,18,23,100,-127,24.86229,31.19678,2.2339
2025-03-20T10:25:02.393429,both_devices,12,11,13,19,100,-127,24.86725,31.06203,2.251467
2025-03-20T10:25:08.248036,both_devices,7,5,9,11,100,-127,24.88327,31.16941,2.245603
2025-03-20T10:25:14.104243,both_devices,20,17,23,28,100,-127,24.89777,31.30646,2.251467
2025-03-20T10:25:19.979077,both_devices,26,25,28,36,100,-127,24.93057,31.65827,2.236823
2025-03-20T10:25:25.884877,both_devices,16,14,17,22,100,-127,24.95289,31.37646,2.222227
2025-03-20T10:25:31.776474,both_devices,22,20,24,30,100,-127,24.95785,31.0276,2.251467
2025-03-20T10:25:37.711155,both_devices,27,27,30,36,100,-127,24.97406,30.99289,2.22806
2025-03-20T10:25:44.191525,both_devices,20,18,24,28,100,-127,24.98837,30.87101,2.219314
2025-03-20T10:25:50.071577,both_devices,24,19,26,32,100,-127,25.00076,30.83735,2.222227
2025-03-20T10:25:55.970163,both_devices,15,9,18,19,100,-127,25.0061,30.87111,2.216402
2025-03-20T10:26:01.867309,both_devices,15,12,16,23,100,-127,25.02594,31.4724,2.222227
2025-03-20T10:26:07.794125,both_devices,24,22,26,32,100,-127,25.04215,31.34899,2.207679
2025-03-20T10:26:13.719379,both_devices,22,13,27,28,100,-127,25.05398,31.1039,2.236823
2025-03-20T10:26:19.581401,both_devices,17,18,20,25,100,-127,25.06447,30.82085,2.239748
2025-03-20T10:26:25.445551,both_devices,9,9,12,15,100,-127,25.0761,30.89533,2.245603
2025-03-20T10:26:31.413477,both_devices,19,16,21,25,100,-127,25.08869,30.79309,2.242675
2025-03-20T10:26:37.278758,both_devices,13,10,14,20,100,-127,25.09041,30.63612,2.2339
2025-03-20T10:26:43.133425,both_devices,3,5,5,9,100,-127,25.09289,30.46379,2.225142
2025-03-20T10:26:49.003786,both_devices,8,7,10,13,100,-127,25.10414,30.40724,2.245603
2025-03-20T10:26:54.859155,both_devices,9,8,10,17,100,-127,25.10605,30.43242,2.196075
2025-03-20T10:27:00.708698,both_devices,9,10,11,15,100,-127,25.10166,30.37767,2.245603
2025-03-20T10:27:06.590743,both_devices,13,11,15,20,100,-127,25.10014,30.44043,2.251467
2025-03-20T10:27:12.444668,both_devices,9,6,3,13,100,-127,25.09041,30.52921,2.204775
2025-03-20T10:27:18.293906,both_devices,5,6,7,11,100,-127,25.08354,30.62496,2.251467
2025-03-20T10:27:24.155689,both_devices,11,8,12,17,100,-127,25.0782,30.76878,2.248534
2025-03-20T10:27:30.019433,both_devices,13,10,14,18,100,-127,25.07954,30.8506,2.207679
2025-03-20T10:27:35.902784,both_devices,8,5,9,13,100,-127,25.0843,31.05011,2.22806
2025-03-20T10:27:41.746983,both_devices,9,7,11,14,100,-127,25.0843,31.16951,2.22806
2025-03-20T10:27:47.599212,both_devices,7,8,9,13,100,-127,25.08259,30.93119,2.245603
2025-03-20T10:27:53.471835,both_devices,6,7,8,15,100,-127,25.0843,30.78976,2.251467
2025-03-20T10:27:59.319033,both_devices,8,7,8,13,100,-127,25.07534,30.58939,2.251467
2025-03-20T10:28:05.184465,both_devices,11,9,13,16,100,-127,25.07076,30.56726,2.304579
2025-03-20T10:28:11.034620,both_devices,9,6,10,14,100,-127,25.0721,30.62925,2.216402
2025-03-20T10:28:16.884188,both_devices,12,11,14,19,100,-127,25.05646,30.42078,2.251467
2025-03-20T10:28:22.744532,both_devices,9,8,10,15,100,-127,25.04539,30.4328,2.248534
2025-03-20T10:28:28.600418,both_devices,4,7,6,12,100,-127,25.03548,30.35593,2.251467
2025-03-20T10:28:34.460127,both_devices,5,2,7,11,100,-127,25.02956,30.25579,2.245603
2025-03-20T10:28:40.342580,both_devices,14,11,16,20,100,-127,25.02346,30.2207,2.213492
2025-03-20T10:28:46.199088,both_devices,6,4,9,12,100,-127,25.02308,30.12171,2.251467
2025-03-20T10:28:52.066152,both_devices,8,7,10,15,100,-127,25.01411,29.98152,2.236823
2025-03-20T10:28:57.915051,both_devices,6,6,9,12,100,-127,25.01202,29.94156,2.239748
2025-03-20T10:29:03.769177,both_devices,6,8,8,14,100,-127,25.00877,30.023,2.2339
2025-03-20T10:29:09.620805,both_devices,11,8,13,17,100,-127,25.01564,30.25723,2.251467
2025-03-20T10:29:15.484512,both_devices,12,11,14,19,100,-127,25.01278,30.2187,2.2339
2025-03-20T10:29:21.349655,both_devices,8,3,5,9,100,-127,25.00439,30.15738,2.225142
2025-03-20T10:29:27.244308,both_devices,11,7,11,14,100,-127,25.00172,30.18923,2.22806
2025-03-20T10:29:33.095535,both_devices,7,8,9,14,100,-127,25.00019,30.3134,2.251467
2025-03-20T10:29:38.959363,both_devices,9,11,12,16,100,-127,24.99142,30.35736,2.210585
2025-03-20T10:29:44.862617,both_devices,10,8,12,15,100,-127,24.99695,30.34735,2.225142
2025-03-20T10:29:50.712411,both_devices,8,7,11,15,100,-127,24.9897,30.37357,2.22806
2025-03-20T10:29:56.589989,both_devices,4,4,5,9,100,-127,24.99199,30.35841,2.207679
2025-03-20T10:30:02.447762,both_devices,8,7,10,14,100,-127,24.98837,30.3484,2.2339
2025-03-20T10:30:08.303157,both_devices,0,2,1,1,100,-127,24.98608,30.35812,2.251467
2025-03-20T10:30:14.162226,both_devices,14,14,17,22,100,-127,24.99142,30.45177,2.242675
2025-03-20T10:30:20.017975,both_devices,13,11,14,21,100,-127,24.99771,30.48649,2.22806
2025-03-20T10:30:25.874487,both_devices,9,4,10,12,100,-127,25.00668,30.69944,2.239748
2025-03-20T10:30:31.760159,both_devices,12,8,14,17,100,-127,25.01278,30.67532,2.207679
2025-03-20T10:30:37.621779,both_devices,12,13,14,17,100,-127,25.02556,30.66959,2.236823
2025-03-20T10:30:43.466659,both_devices,10,11,13,16,100,-127,25.03128,30.79576,2.207679
2025-03-20T10:30:49.350172,both_devices,10,12,12,17,100,-127,25.03605,30.69563,2.251467
2025-03-20T10:30:55.220287,both_devices,7,7,7,14,100,-127,25.04349,30.7951,2.251467
2025-03-20T10:31:01.070966,both_devices,11,11,14,18,100,-127,25.04463,30.75018,2.207679
2025-03-20T10:31:06.933930,both_devices,0,0,0,5,100,-127,25.04253,30.68953,2.207679
2025-03-20T10:31:12.800114,both_devices,13,13,15,20,100,-127,25.04311,30.65166,2.22806
2025-03-20T10:31:18.654675,both_devices,7,6,9,12,100,-127,25.0494,30.82762,2.213492
2025-03-20T10:31:24.508226,both_devices,8,6,10,14,100,-127,25.05569,30.97963,2.2339
2025-03-20T10:31:30.366518,both_devices,5,8,7,14,100,-127,25.05608,30.91946,2.132799
2025-03-20T10:31:36.215365,both_devices,11,10,13,16,100,-127,25.0555,31.00777,2.222227
2025-03-20T10:31:42.074688,both_devices,20,18,23,28,100,-127,25.06237,30.826,2.242675
2025-03-20T10:31:47.943846,both_devices,9,8,12,16,100,-127,25.05741,30.86815,2.251467
2025-03-20T10:31:53.923782,both_devices,11,10,11,16,100,-127,25.05226,30.84631,2.248534
2025-03-20T10:31:59.818301,both_devices,10,9,12,16,100,-127,25.05779,30.90811,2.225142
2025-03-20T10:32:05.671831,both_devices,13,12,17,22,100,-127,25.05322,30.71947,2.216402
2025-03-20T10:32:11.519633,both_devices,10,9,13,16,100,-127,25.05741,31.02474,2.219314
2025-03-20T10:32:17.365324,both_devices,21,20,23,29,100,-127,25.07744,31.09837,2.251467
2025-03-20T10:32:23.223350,both_devices,16,17,20,25,100,-127,25.08945,31.02541,2.178726
2025-03-20T10:32:29.139969,both_devices,14,12,17,21,100,-127,25.10052,31.07166,2.187392
2025-03-20T10:32:35.070593,both_devices,15,14,19,24,100,-127,25.10433,31.10085,2.251467
2025-03-20T10:32:40.926007,both_devices,17,16,19,25,100,-127,25.10262,31.01664,2.207679
2025-03-20T10:32:46.776599,both_devices,22,22,24,32,100,-127,25.09823,30.95274,2.207679
2025-03-20T10:32:52.642029,both_devices,8,13,19,24,100,-127,25.10414,30.95083,2.222227
2025-03-20T10:32:58.525382,both_devices,17,13,19,23,100,-127,25.10929,31.69317,2.222227
2025-03-20T10:33:04.390411,both_devices,13,11,14,18,100,-127,25.10929,31.82182,2.216402
2025-03-20T10:33:10.279563,both_devices,12,9,15,18,100,-127,25.09937,31.65445,2.219314
2025-03-20T10:33:16.137409,both_devices,16,15,17,22,100,-127,25.09727,31.39353,2.22806
2025-03-20T10:33:22.018413,both_devices,8,5,9,12,100,-127,25.09918,31.16436,2.251467
2025-03-20T10:33:27.876410,both_devices,15,13,17,21,100,-127,25.10414,30.80149,2.216402
2025-03-20T10:33:33.733791,both_devices,12,12,16,21,100,-127,25.09823,30.67608,2.175841
2025-03-20T10:33:39.579385,both_devices,14,10,16,19,100,-127,25.10128,30.69,2.207679
2025-03-20T10:33:45.425939,both_devices,12,6,14,19,100,-127,25.08965,30.60083,2.204775
2025-03-20T10:33:51.336366,both_devices,12,13,14,21,100,-127,25.09651,30.73578,2.222227
2025-03-20T10:33:57.195054,both_devices,8,6,10,14,100,-127,25.09918,31.13604,2.207679
2025-03-20T10:34:03.090276,both_devices,13,10,16,20,100,-127,25.10643,31.21166,2.213492
2025-03-20T10:34:08.936285,both_devices,15,13,18,23,100,-127,25.1152,31.1945,2.216402
2025-03-20T10:34:14.815472,both_devices,15,14,18,23,100,-127,25.11387,31.04239,2.198973
2025-03-20T10:34:20.671459,both_devices,14,12,16,22,100,-127,25.11444,30.98097,2.222227
2025-03-20T10:34:26.546691,both_devices,10,8,11,16,100,-127,25.1133,31.06394,2.22806
2025-03-20T10:34:32.400492,both_devices,12,6,13,17,100,-127,25.12226,31.12898,2.210585
2025-03-20T10:34:38.249186,both_devices,18,11,21,31,100,-127,25.12016,31.03228,2.310519
2025-03-20T10:34:44.098014,both_devices,16,13,18,23,100,-127,25.11673,30.68342,2.207679
2025-03-20T10:34:49.960702,both_devices,10,7,10,15,100,-127,25.11711,30.66454,2.210585
2025-03-20T10:34:55.806146,both_devices,20,15,19,25,100,-127,25.11368,30.70421,2.193179
2025-03-20T10:35:01.652450,both_devices,12,11,14,19,100,-127,25.1009,30.32589,2.22806
2025-03-20T10:35:07.555492,both_devices,10,10,11,17,100,-127,25.103,31.11477,2.207679
2025-03-20T10:35:13.409770,both_devices,14,12,16,21,100,-127,25.10433,31.28357,2.207679
2025-03-20T10:35:19.270687,both_devices,13,9,16,20,100,-127,25.09251,30.78194,2.087361
2025-03-20T10:35:25.124437,both_devices,8,8,12,13,100,-127,25.08659,30.79138,2.207679
2025-03-20T10:35:30.980385,both_devices,7,4,9,11,100,-127,25.08621,30.82027,2.210585
2025-03-20T10:35:36.836291,both_devices,8,5,9,14,100,-127,25.08583,30.76982,2.216402
2025-03-20T10:35:42.709763,both_devices,4,6,6,10,100,-127,25.08392,30.76429,2.22806
2025-03-20T10:35:48.577775,both_devices,10,11,11,17,100,-127,25.07877,30.48172,2.213492
2025-03-20T10:35:54.428391,both_devices,8,8,10,14,100,-127,25.08049,30.81884,2.204775
2025-03-20T10:36:00.284340,both_devices,11,9,12,17,100,-127,25.08698,31.00901,2.204775
2025-03-20T10:36:06.144455,both_devices,7,4,9,13,100,-127,25.09518,31.10237,2.201873
2025-03-20T10:36:12.025045,both_devices,7,6,10,15,100,-127,25.10128,31.11553,2.198973
2025-03-20T10:36:17.882284,both_devices,3,9,5,11,100,-127,25.09594,30.93109,2.181613
2025-03-20T10:36:23.738688,both_devices,9,8,9,15,100,-127,25.10242,30.966,2.175841
2025-03-20T10:36:29.584429,both_devices,7,5,7,12,100,-127,25.11559,31.01616,2.196075
2025-03-20T10:36:35.432513,both_devices,10,7,10,16,100,-127,25.1194,30.77402,2.198973
2025-03-20T10:36:41.286255,both_devices,13,14,14,22,100,-127,25.12589,30.79662,2.152832
2025-03-20T10:36:47.154297,both_devices,5,6,6,12,100,-127,25.12283,30.61638,1.283558
2025-03-20T10:36:53.043793,both_devices,3,4,4,9,100,-127,25.11902,30.70774,1.459774
2025-03-20T10:36:58.897902,both_devices,3,3,6,10,100,-127,25.12283,30.82361,1.490643
2025-03-20T10:37:04.771148,both_devices,7,7,8,14,100,-127,25.11444,30.66864,1.493031
2025-03-20T10:37:10.621967,both_devices,8,6,9,13,100,-127,25.10471,30.59549,1.457413
2025-03-20T10:37:16.501697,both_devices,5,4,6,11,100,-127,25.10414,30.7003,1.473981
2025-03-20T10:37:22.356164,both_devices,5,4,5,10,100,-127,25.09861,30.79367,1.483491
2025-03-20T10:37:28.215900,both_devices,4,3,5,10,100,-127,25.09174,30.82714,1.445636
2025-03-20T10:37:34.064303,both_devices,8,4,8,12,100,-127,25.10586,30.92966,1.466869
2025-03-20T10:37:39.912584,both_devices,8,10,9,13,100,-127,25.10414,30.75829,1.450341
2025-03-20T10:37:45.759198,both_devices,7,4,8,14,100,-127,25.10052,30.5891,1.450341
2025-03-20T10:37:51.622761,both_devices,8,6,8,13,100,-127,25.11368,30.90525,1.473981
2025-03-20T10:37:57.476152,both_devices,6,6,8,12,100,-127,25.11635,31.11153,1.452697
2025-03-20T10:38:03.329537,both_devices,13,12,13,22,100,-127,25.13008,31.32257,1.466869
2025-03-20T10:38:09.178325,both_devices,7,6,7,13,100,-127,25.13351,31.06403,1.531497
2025-03-20T10:38:15.028967,both_devices,5,4,6,11,100,-127,25.1255,30.74217,1.464502
2025-03-20T10:38:20.988545,both_devices,7,6,7,14,100,-127,25.1173,30.58825,1.419895
2025-03-20T10:38:26.834260,both_devices,9,9,10,16,100,-127,25.11597,30.84412,1.464502
2025-03-20T10:38:32.685724,both_devices,5,5,5,11,100,-127,25.12493,30.94473,1.466869
2025-03-20T10:38:38.528046,both_devices,12,10,12,19,100,-127,25.12856,31.10142,1.452697
2025-03-20T10:38:44.376402,both_devices,7,7,8,13,100,-127,25.12875,30.93309,1.466869
2025-03-20T10:38:50.227770,both_devices,7,6,7,13,100,-127,25.11673,30.69468,1.48111
2025-03-20T10:38:56.079348,both_devices,9,8,12,15,100,-127,25.11063,30.61857,1.466869
2025-03-20T10:39:01.928467,both_devices,10,9,11,17,100,-127,25.11635,30.78899,1.412915
2025-03-20T10:39:07.800288,both_devices,8,7,9,15,100,-127,25.11768,31.69909,1.369106
2025-03-20T10:39:13.646476,both_devices,3,4,7,12,100,-127,25.1276,32.07521,1.410592
2025-03-20T10:39:19.506435,both_devices,16,15,17,25,100,-127,25.13371,32.30171,1.433907
2025-03-20T10:39:25.387594,both_devices,8,5,9,13,100,-127,25.14439,32.07474,1.328239
2025-03-20T10:39:31.248338,both_devices,11,9,11,17,100,-127,25.15049,31.81896,1.443286
2025-03-20T10:39:37.571400,both_devices,11,7,11,16,100,-127,25.16079,31.53992,1.455054
2025-03-20T10:39:43.432454,both_devices,19,14,20,26,100,-127,25.15945,31.23884,1.424558
2025-03-20T10:39:49.279422,both_devices,12,10,13,21,100,-127,25.15297,31.22797,1.450341
2025-03-20T10:39:55.131095,both_devices,11,11,12,17,100,-127,25.14572,31.10447,1.447988
2025-03-20T10:40:01.014745,both_devices,15,12,15,21,100,-127,25.14133,31.38227,1.436249
2025-03-20T10:40:06.870048,both_devices,11,8,12,17,100,-127,25.14095,31.47287,1.450341
2025-03-20T10:40:12.728248,both_devices,13,10,14,19,100,-127,25.14019,31.43482,1.450341
2025-03-20T10:40:18.582927,both_devices,10,6,11,15,100,-127,25.13657,31.45933,1.443286
2025-03-20T10:40:24.429245,both_devices,5,4,6,10,100,-127,25.14019,31.7956,1.438593
2025-03-20T10:40:30.362351,both_devices,25,27,25,36,100,-127,25.15297,32.05042,1.464502
2025-03-20T10:40:36.384166,both_devices,11,7,10,16,100,-127,25.15144,32.01427,1.440939
2025-03-20T10:40:42.243634,both_devices,13,9,13,19,100,-127,25.14973,31.89726,1.424558
2025-03-20T10:40:48.099575,both_devices,12,4,12,16,100,-127,25.15049,31.3036,1.447988
2025-03-20T10:40:53.955273,both_devices,11,8,10,16,100,-127,25.15793,30.8857,1.464502
2025-03-20T10:40:59.806539,both_devices,12,11,13,20,100,-127,25.16422,31.39696,1.440939
2025-03-20T10:41:05.655487,both_devices,5,5,7,11,100,-127,25.17891,31.78377,1.450341
2025-03-20T10:41:11.519563,both_devices,9,6,9,15,100,-127,25.17433,31.68678,1.450341
2025-03-20T10:41:17.390841,both_devices,17,12,16,23,100,-127,25.15869,31.2767,1.447988
2025-03-20T10:41:23.263679,both_devices,11,7,11,15,100,-127,25.14381,31.02465,1.450341
2025-03-20T10:41:29.125716,both_devices,12,10,13,19,100,-127,25.13962,31.35881,1.450341
2025-03-20T10:41:34.998306,both_devices,18,17,19,28,100,-127,25.13618,31.38275,1.462137
2025-03-20T10:41:40.846648,both_devices,11,11,11,20,100,-127,25.13065,31.47068,1.436249
2025-03-20T10:41:46.712316,both_devices,17,12,17,24,100,-127,25.13313,31.81353,1.488257
2025-03-20T10:41:52.615241,both_devices,21,19,21,30,100,-127,25.1173,31.4517,1.457413
2025-03-20T10:41:58.482768,both_devices,11,9,12,17,100,-127,25.103,31.2542,1.438593
2025-03-20T10:42:04.332089,both_devices,12,8,13,19,100,-127,25.09308,30.92632,1.457413
2025-03-20T10:42:10.176558,both_devices,12,10,13,19,100,-127,25.09117,31.28386,1.455054
2025-03-20T10:42:16.025128,both_devices,5,6,5,13,100,-127,25.09594,31.65073,1.464502
2025-03-20T10:42:21.888466,both_devices,18,15,18,27,100,-127,25.09651,31.62279,1.54119
2025-03-20T10:42:27.751632,both_devices,15,12,15,22,100,-127,25.10052,32.06654,1.452697
2025-03-20T10:42:33.616309,both_devices,13,13,14,19,100,-127,25.09861,32.13987,1.455054
2025-03-20T10:42:40.006594,both_devices,10,9,11,16,100,-127,25.10262,32.32746,1.469238
2025-03-20T10:42:45.868516,both_devices,11,9,10,18,100,-127,25.10548,32.22094,1.455054
2025-03-20T10:42:51.729495,both_devices,6,7,8,14,100,-127,25.11559,32.57809,1.471609
2025-03-20T10:42:57.594492,both_devices,11,7,11,16,100,-127,25.1173,32.55033,1.48111
2025-03-20T10:43:03.441694,both_devices,20,16,20,29,100,-127,25.12627,32.94182,1.450341
2025-03-20T10:43:09.304386,both_devices,16,10,16,22,100,-127,25.13847,33.22134,1.438593
2025-03-20T10:43:15.154091,both_devices,14,8,13,18,100,-127,25.15011,33.31575,1.452697
2025-03-20T10:43:21.003362,both_devices,9,6,10,15,100,-127,25.15125,32.66659,1.457413
2025-03-20T10:43:26.856241,both_devices,8,9,8,16,100,-127,25.15602,32.12805,1.473981
2025-03-20T10:43:32.706357,both_devices,6,5,7,12,100,-127,25.16308,32.33795,1.473981
2025-03-20T10:43:38.578378,both_devices,12,9,11,18,100,-127,25.16594,32.25842,1.48111
2025-03-20T10:43:44.491800,both_devices,15,10,15,21,100,-127,25.16422,31.99186,1.455054
2025-03-20T10:43:50.342857,both_devices,9,4,8,13,100,-127,25.17262,32.56655,1.450341
2025-03-20T10:43:56.238063,both_devices,11,6,12,18,100,-127,25.20313,33.61034,1.438593
2025-03-20T10:44:02.084385,both_devices,12,10,12,18,100,-127,25.20447,33.2324,1.462137
2025-03-20T10:44:07.929688,both_devices,15,13,14,24,100,-127,25.21572,32.91883,1.450341
2025-03-20T10:44:13.775147,both_devices,6,1,10,16,100,-127,25.21629,32.77969,1.464502
2025-03-20T10:44:19.627797,both_devices,7,6,8,13,100,-127,25.22259,32.5057,1.455054
2025-03-20T10:44:25.494920,both_devices,11,11,11,18,100,-127,25.21915,32.61728,1.493031
2025-03-20T10:44:31.345938,both_devices,10,6,10,16,100,-127,25.21439,32.25756,1.450341
2025-03-20T10:44:37.208134,both_devices,8,6,9,13,100,-127,25.214,32.17793,1.466869
2025-03-20T10:44:43.062672,both_devices,13,10,12,19,100,-127,25.21744,32.08914,1.457413
2025-03-20T10:44:48.943658,both_devices,9,9,10,16,100,-127,25.22144,31.94981,1.452697
2025-03-20T10:44:54.813996,both_devices,7,3,8,11,100,-127,25.22564,31.90641,1.452697
2025-03-20T10:45:00.672316,both_devices,10,7,10,15,100,-127,25.22793,31.7029,1.438593
2025-03-20T10:45:06.529082,both_devices,5,4,6,11,100,-127,25.23956,32.59888,1.452697
2025-03-20T10:45:12.378883,both_devices,10,7,10,16,100,-127,25.23346,32.27663,1.455054
2025-03-20T10:45:18.232496,both_devices,7,7,8,14,100,-127,25.22659,32.34501,1.447988
2025-03-20T10:45:24.095208,both_devices,12,8,12,18,100,-127,25.20847,32.31344,1.450341
2025-03-20T10:45:29.951720,both_devices,8,5,8,13,100,-127,25.1976,32.64894,1.417566
2025-03-20T10:45:35.803697,both_devices,12,7,11,16,100,-127,25.20103,32.32594,1.462137
2025-03-20T10:45:41.659730,both_devices,9,7,9,14,100,-127,25.19188,32.27825,1.450341
2025-03-20T10:45:47.528444,both_devices,12,8,11,16,100,-127,25.17166,32.11908,1.450341
2025-03-20T10:45:53.418001,both_devices,4,5,6,10,100,-127,25.16212,32.56397,1.457413
2025-03-20T10:45:59.271741,both_devices,8,7,9,15,100,-127,25.14839,32.49016,1.452697
2025-03-20T10:46:05.123393,both_devices,9,8,9,16,100,-127,25.13924,32.44352,1.440939
2025-03-20T10:46:10.976539,both_devices,11,8,11,17,100,-127,25.13065,32.55463,1.447988
2025-03-20T10:46:16.823984,both_devices,5,5,3,11,100,-127,25.12722,32.54852,1.436249
2025-03-20T10:46:22.673448,both_devices,4,4,6,10,100,-127,25.11597,32.01056,1.443286
2025-03-20T10:46:28.518841,both_devices,5,8,9,14,100,-127,25.09766,31.68879,1.455054
2025-03-20T10:46:34.378791,both_devices,7,5,8,12,100,-127,25.09308,31.78177,1.447988
2025-03-20T10:46:40.233899,both_devices,16,17,15,26,100,-127,25.09861,31.77481,1.443286
2025-03-20T10:46:46.085713,both_devices,10,8,10,16,100,-127,25.09975,31.82621,1.452697
2025-03-20T10:46:51.941832,both_devices,10,8,11,15,100,-127,25.09918,32.08504,1.445636
2025-03-20T10:46:57.820636,both_devices,19,20,19,31,100,-127,25.09861,32.09352,1.436249
2025-03-20T10:47:03.681969,both_devices,9,10,10,16,100,-127,25.09937,32.23705,1.450341
2025-03-20T10:47:09.536023,both_devices,7,7,7,13,100,-127,25.10605,32.23648,1.471609
2025-03-20T10:47:15.391054,both_devices,15,15,15,25,100,-127,25.10166,32.01141,1.447988
2025-03-20T10:47:21.240063,both_devices,11,10,12,18,100,-127,25.14477,32.0612,1.424558
2025-03-20T10:47:27.098900,both_devices,4,5,3,12,100,-127,25.13409,32.03516,1.452697
2025-03-20T10:47:32.945503,both_devices,8,8,9,14,100,-127,25.13371,31.84853,1.452697
2025-03-20T10:47:38.800303,both_devices,8,8,9,15,100,-127,25.16212,32.81469,1.450341
2025-03-20T10:47:44.663123,both_devices,4,5,6,12,100,-127,25.18902,32.92837,1.464502
2025-03-20T10:47:50.514206,both_devices,4,4,4,10,100,-127,25.19493,32.64217,1.450341
2025-03-20T10:47:56.445557,both_devices,8,8,8,13,100,-127,25.21973,32.63426,1.462137
2025-03-20T10:48:02.317834,both_devices,8,6,9,14,100,-127,25.21591,32.08494,1.457413
2025-03-20T10:48:08.165807,both_devices,12,7,11,18,100,-127,25.20847,32.43732,1.450341
2025-03-20T10:48:14.012549,both_devices,5,6,6,11,100,-127,25.19875,32.24554,1.450341
2025-03-20T10:48:19.869837,both_devices,7,11,8,14,100,-127,25.19836,32.62501,1.447988
2025-03-20T10:48:25.731842,both_devices,8,5,9,13,100,-127,25.20618,32.74355,1.450341
2025-03-20T10:48:31.581564,both_devices,5,6,7,12,100,-127,25.20313,32.22713,1.438593
2025-03-20T10:48:37.435568,both_devices,7,6,7,12,100,-127,25.19932,31.97994,1.488257
2025-03-20T10:48:43.281860,both_devices,10,10,11,18,100,-127,25.19112,31.9026,1.445636
2025-03-20T10:48:49.137979,both_devices,5,5,7,12,100,-127,25.19245,31.74343,1.466869
2025-03-20T10:48:54.998034,both_devices,6,10,7,11,100,-127,25.19245,31.97975,1.438593
2025-03-20T10:49:00.856333,both_devices,19,11,19,25,100,-127,25.18463,32.23581,1.424558
2025-03-20T10:49:06.742159,both_devices,13,9,14,19,100,-127,25.18578,32.41529,1.459774
2025-03-20T10:49:12.601950,both_devices,15,14,15,23,100,-127,25.19417,32.00884,1.447988
2025-03-20T10:49:18.451454,both_devices,12,10,14,22,100,-127,25.20103,32.31106,1.433907
2025-03-20T10:49:24.320023,both_devices,8,8,9,16,100,-127,25.20828,33.09402,1.436249
2025-03-20T10:49:30.172638,both_devices,14,17,14,26,100,-127,25.21801,33.48331,1.450341
2025-03-20T10:49:36.031241,both_devices,6,6,7,12,100,-127,25.22125,33.80194,1.382866
2025-03-20T10:49:41.880383,both_devices,12,10,9,19,100,-127,25.22907,33.76913,1.375977
2025-03-20T10:49:47.739659,both_devices,11,8,11,17,100,-127,25.23308,33.4094,1.375977
2025-03-20T10:49:53.588455,both_devices,15,14,16,25,100,-127,25.23003,33.48436,1.364534
2025-03-20T10:49:59.433582,both_devices,18,16,18,28,100,-127,25.24815,33.77438,1.450341
2025-03-20T10:50:05.285055,both_devices,9,7,9,16,100,-127,25.25978,33.90207,1.457413
2025-03-20T10:50:11.158305,both_devices,10,10,9,19,100,-127,25.25063,33.72135,1.422225
2025-03-20T10:50:20.079455,both_devices,21,17,21,30,100,-127,25.24567,33.84476,1.450341
2025-03-20T10:50:31.002114,both_devices,39,38,37,55,100,-127,25.25558,34.13057,1.445636
2025-03-20T10:50:36.102165,both_devices,21,24,22,37,100,-127,25.26932,34.4738,1.440939
2025-03-20T10:50:41.183528,both_devices,12,11,12,20,100,-127,25.28229,34.69753,1.433907
2025-03-20T10:50:46.285489,both_devices,8,9,8,18,100,-127,25.27676,34.79691,1.450341
2025-03-20T10:50:52.127718,both_devices,16,16,16,26,100,-127,25.27847,35.43224,1.450341
2025-03-20T10:50:57.984183,both_devices,23,18,24,32,100,-127,25.2779,34.8938,1.422225
2025-03-20T10:51:03.839242,both_devices,20,14,20,27,100,-127,25.28019,34.62706,1.419895
2025-03-20T10:51:09.690034,both_devices,18,17,18,28,100,-127,25.27885,34.86986,1.450341
2025-03-20T10:51:15.573965,both_devices,12,8,12,19,100,-127,25.27657,34.60188,1.438593
2025-03-20T10:51:22.761562,both_devices,26,25,26,38,100,-127,25.27313,34.30319,1.438593
2025-03-20T10:51:37.072225,both_devices,33,26,32,44,100,-127,25.23518,33.79211,1.447988
2025-03-20T10:51:46.856472,both_devices,45,42,43,61,100,-127,25.21801,33.78544,1.429229
2025-03-20T10:51:52.427466,both_devices,23,23,25,37,100,-127,25.21667,33.82587,1.438593
2025-03-20T10:52:15.813590,both_devices,38,26,37,49,100,-127,25.18291,33.70705,1.424558
2025-03-20T10:52:20.851702,both_devices,20,16,20,30,100,-127,25.17166,33.87232,1.443286
2025-03-20T10:52:25.967298,both_devices,25,20,23,34,100,-127,25.16594,33.601,1.378271
2025-03-20T10:52:31.713990,both_devices,8,6,9,11,100,-127,25.15488,33.59261,1.436249
2025-03-20T10:52:37.667545,both_devices,15,11,16,21,100,-127,25.15736,34.11226,1.459774
2025-03-20T10:52:48.430459,both_devices,66,70,63,93,100,-127,25.15182,34.16176,1.436249
2025-03-20T10:52:54.448955,both_devices,24,15,24,31,100,-127,25.15125,34.27105,1.417566
2025-03-20T10:53:02.039132,both_devices,21,14,21,28,100,-127,25.16117,34.0436,1.436249
2025-03-20T10:53:07.936437,both_devices,16,9,17,22,100,-127,25.14172,34.23529,1.447988
2025-03-20T10:53:13.789858,both_devices,22,15,21,30,100,-127,25.12321,34.2082,1.445636
2025-03-20T10:53:19.643261,both_devices,12,10,13,19,100,-127,25.10929,34.12476,1.438593
2025-03-20T10:53:25.529038,both_devices,13,9,13,21,100,-127,25.09651,34.14688,1.436249
2025-03-20T10:53:31.380329,both_devices,8,5,8,13,100,-127,25.09136,34.08384,1.410592
2025-03-20T10:53:37.235997,both_devices,8,6,9,16,100,-127,25.08583,33.77676,1.415239
2025-03-20T10:53:43.087328,both_devices,8,5,8,13,100,-127,25.08163,33.66604,1.469238
2025-03-20T10:53:48.946195,both_devices,7,4,7,12,100,-127,25.0761,33.53119,1.485873
2025-03-20T10:53:54.819188,both_devices,12,7,13,19,100,-127,25.07172,33.73842,1.429229
2025-03-20T10:54:00.668936,both_devices,15,11,15,22,100,-127,25.07,33.63285,1.438593
2025-03-20T10:54:06.528372,both_devices,9,8,11,18,100,-127,25.06886,33.97417,1.445636
2025-03-20T10:54:12.382963,both_devices,14,12,14,22,100,-127,25.06962,33.6051,1.433907
2025-03-20T10:54:18.252519,both_devices,13,10,13,21,100,-127,25.06714,33.08926,1.433907
2025-03-20T10:54:24.133265,both_devices,18,13,18,25,100,-127,25.06485,33.32567,1.424558
2025-03-20T10:54:30.023435,both_devices,22,17,22,30,100,-127,25.06104,33.55713,1.426892
2025-03-20T10:54:35.889811,both_devices,15,10,16,20,100,-127,25.05493,33.47626,1.419895
2025-03-20T10:54:41.743753,both_devices,27,22,27,38,100,-127,25.06065,34.05142,1.429229
2025-03-20T10:54:47.584495,both_devices,17,12,19,25,100,-127,25.06313,33.79774,1.433907
2025-03-20T10:54:53.442266,both_devices,12,8,13,17,100,-127,25.07038,33.68149,1.426892
2025-03-20T10:54:59.290874,both_devices,15,11,16,22,100,-127,25.07572,33.67109,1.419895
2025-03-20T10:55:05.151241,both_devices,17,15,18,27,100,-127,25.07324,33.53052,1.412915
2025-03-20T10:55:11.011265,both_devices,12,12,13,21,100,-127,25.08469,33.3931,1.424558
2025-03-20T10:55:16.861925,both_devices,13,9,13,18,100,-127,25.06657,33.40988,1.447988
2025-03-20T10:55:22.718233,both_devices,8,5,8,14,100,-127,25.05569,33.61073,1.462137
2025-03-20T10:55:28.575913,both_devices,11,9,12,18,100,-127,25.04845,34.20401,1.440939
2025-03-20T10:55:34.455779,both_devices,7,6,7,14,100,-127,25.04387,33.95729,1.436249
2025-03-20T10:55:40.311858,both_devices,11,10,10,18,100,-127,25.05112,33.58269,1.412915
2025-03-20T10:55:46.173784,both_devices,8,6,7,14,100,-127,25.05054,33.76913,1.426892
2025-03-20T10:55:52.064422,both_devices,14,13,14,23,100,-127,25.05798,33.75931,1.438593
2025-03-20T10:55:57.916423,both_devices,13,8,14,19,100,-127,25.06104,33.88615,1.443286
2025-03-20T10:56:03.771793,both_devices,6,6,7,13,100,-127,25.05894,33.61826,1.422225
2025-03-20T10:56:09.640233,both_devices,9,7,10,15,100,-127,25.05932,33.50382,1.424558
2025-03-20T10:56:15.490949,both_devices,7,6,8,13,100,-127,25.07114,34.07688,1.415239
2025-03-20T10:56:21.352715,both_devices,8,5,9,15,100,-127,25.06924,33.92954,1.424558
2025-03-20T10:56:27.205695,both_devices,3,2,4,8,100,-127,25.06695,33.74834,1.438593
2025-03-20T10:56:33.060046,both_devices,5,5,5,10,100,-127,25.07229,33.3189,1.412915
2025-03-20T10:56:38.942770,both_devices,5,7,9,16,100,-127,25.08621,33.13837,1.422225
2025-03-20T10:56:44.822298,both_devices,7,6,8,14,100,-127,25.08621,32.96375,1.415239
2025-03-20T10:56:50.669910,both_devices,8,6,9,15,100,-127,25.08621,33.56714,1.412915
2025-03-20T10:56:56.559757,both_devices,6,5,6,12,100,-127,25.09117,33.76598,1.445636
2025-03-20T10:57:02.422440,both_devices,9,6,9,15,100,-127,25.09785,33.73528,1.426892
2025-03-20T10:57:08.272832,both_devices,16,13,15,23,100,-127,25.09518,33.53653,1.417566
2025-03-20T10:57:14.129968,both_devices,7,4,7,11,100,-127,25.10262,33.8357,1.412915
2025-03-20T10:57:20.005390,both_devices,6,5,7,11,100,-127,25.10986,33.74968,1.392077
2025-03-20T10:57:25.873499,both_devices,9,7,10,15,100,-127,25.10414,33.92649,1.429229
2025-03-20T10:57:31.744620,both_devices,18,15,19,26,100,-127,25.10509,34.03721,1.433907
2025-03-20T10:57:37.610610,both_devices,16,10,18,31,100,-127,25.11539,34.30109,1.436249
2025-03-20T10:57:43.517487,both_devices,13,10,14,20,100,-127,25.15049,33.95367,1.455054
2025-03-20T10:57:49.370296,both_devices,9,7,7,15,100,-127,25.15736,33.76493,1.433907
2025-03-20T10:57:55.234294,both_devices,9,7,9,16,100,-127,25.16937,33.91485,1.417566
2025-03-20T10:58:01.144257,both_devices,12,7,11,17,100,-127,25.18864,33.57391,1.424558
2025-03-20T10:58:06.999481,both_devices,18,17,18,28,100,-127,25.1894,33.30317,1.426892
2025-03-20T10:58:12.856430,both_devices,24,18,23,33,100,-127,25.18864,33.59356,1.417566
2025-03-20T10:58:18.704407,both_devices,17,11,15,22,100,-127,25.18978,33.61063,1.417566
2025-03-20T10:58:24.562750,both_devices,15,14,15,24,100,-127,25.19798,33.79135,1.424558
2025-03-20T10:58:30.435656,both_devices,11,5,13,17,100,-127,25.19703,33.74977,1.429229
2025-03-20T10:58:36.295590,both_devices,18,11,17,25,100,-127,25.20065,33.57248,1.422225
2025-03-20T10:58:42.148250,both_devices,27,22,27,38,100,-127,25.20752,33.18472,1.426892
2025-03-20T10:58:48.066884,both_devices,33,25,34,46,100,-127,25.21362,33.74357,1.310275
2025-03-20T10:58:53.927566,both_devices,19,14,19,27,100,-127,25.22964,33.9633,1.86484
2025-03-20T10:58:59.783814,both_devices,25,20,26,35,100,-127,25.2533,34.13706,1.899709
2025-03-20T10:59:05.631715,both_devices,15,11,14,21,100,-127,25.25806,33.77399,1.891633
2025-03-20T10:59:11.490171,both_devices,21,12,21,28,100,-127,25.26379,33.61311,1.878213
2025-03-20T10:59:17.346107,both_devices,15,9,15,18,100,-127,25.29869,34.21373,1.862171
2025-03-20T10:59:23.196468,both_devices,27,28,27,41,100,-127,25.31071,33.95891,1.851515
2025-03-20T10:59:29.063756,both_devices,14,8,15,19,100,-127,25.33588,34.16624,1.851515
2025-03-20T10:59:34.913226,both_devices,17,15,17,25,100,-127,25.33588,34.4429,1.867511
2025-03-20T10:59:40.774698,both_devices,17,10,16,22,100,-127,25.32539,34.20315,1.859504
2025-03-20T10:59:46.628382,both_devices,19,19,19,31,100,-127,25.3212,34.31892,1.902404
2025-03-20T10:59:52.512285,both_devices,17,12,17,24,100,-127,25.31376,34.58815,1.924037
2025-03-20T10:59:58.373743,both_devices,16,16,15,25,100,-127,25.30651,34.57956,1.918618
2025-03-20T11:00:04.231866,both_devices,13,9,12,20,100,-127,25.30613,34.38368,1.913205
2025-03-20T11:00:10.081562,both_devices,32,26,32,44,100,-127,25.3109,34.34839,1.924037
2025-03-20T11:00:15.939690,both_devices,18,12,17,24,100,-127,25.30689,34.3811,1.9349
2025-03-20T11:00:21.795983,both_devices,22,24,23,36,100,-127,25.28896,34.53712,1.9349
2025-03-20T11:00:27.666918,both_devices,15,11,16,21,100,-127,25.2779,34.43193,1.9349
2025-03-20T11:00:33.516519,both_devices,24,27,25,39,100,-127,25.2594,34.43604,1.918618
2025-03-20T11:00:39.392392,both_devices,28,30,27,44,100,-127,25.26455,34.21774,1.93762
2025-03-20T11:00:45.243131,both_devices,10,3,5,15,100,-127,25.2676,33.91514,1.997953
2025-03-20T11:00:51.095404,both_devices,9,10,10,20,100,-127,25.28305,33.82664,1.93762
2025-03-20T11:00:57.019351,both_devices,11,8,12,17,100,-127,25.28095,33.66861,1.93762
2025-03-20T11:01:02.886411,both_devices,13,12,15,22,100,-127,25.2655,33.70733,1.929465
2025-03-20T11:01:08.734504,both_devices,17,14,17,25,100,-127,25.26016,33.6791,1.921327
2025-03-20T11:01:14.584121,both_devices,18,17,18,28,100,-127,25.24471,33.6092,1.899709
2025-03-20T11:01:20.431220,both_devices,13,7,14,18,100,-127,25.23689,33.43325,1.921327
2025-03-20T11:01:26.286553,both_devices,18,18,19,33,100,-127,25.23098,33.39233,1.9349
2025-03-20T11:01:32.148526,both_devices,12,10,12,20,100,-127,25.22526,32.94868,1.918618
2025-03-20T11:01:38.008465,both_devices,26,21,26,35,100,-127,25.23079,33.27303,1.907801
2025-03-20T11:01:43.870965,both_devices,12,11,13,20,100,-127,25.25082,33.48274,1.924037
2025-03-20T11:01:49.783393,both_devices,11,10,12,18,100,-127,25.25082,33.42028,1.910502
2025-03-20T11:01:55.631157,both_devices,13,11,13,21,100,-127,25.24338,33.13179,1.93762
2025-03-20T11:02:01.510388,both_devices,20,17,20,30,100,-127,25.23956,33.01773,1.921327
2025-03-20T11:02:07.368311,both_devices,11,10,12,19,100,-127,25.23041,33.05979,1.929465
2025-03-20T11:02:13.228504,both_devices,9,9,10,16,100,-127,25.21877,33.17327,1.793453
2025-03-20T11:02:19.080480,both_devices,8,6,8,13,100,-127,25.21877,33.05349,1.894323
2025-03-20T11:02:24.931363,both_devices,10,10,11,17,100,-127,25.22392,32.97987,1.929465
2025-03-20T11:02:30.784324,both_devices,6,5,8,12,100,-127,25.21629,32.58142,1.910502
2025-03-20T11:02:36.638058,both_devices,8,7,9,14,100,-127,25.21782,32.40376,1.924037
2025-03-20T11:02:42.499067,both_devices,12,9,13,18,100,-127,25.21362,32.56292,1.897015
2025-03-20T11:02:48.360004,both_devices,15,15,16,26,100,-127,25.20714,32.56235,1.915911
2025-03-20T11:02:54.211193,both_devices,25,27,25,39,100,-127,25.20618,32.3595,1.907801
2025-03-20T11:03:00.056623,both_devices,14,7,14,18,100,-127,25.20752,32.25107,1.918618
2025-03-20T11:03:05.942845,both_devices,7,6,7,11,100,-127,25.21629,32.14579,1.913205
2025-03-20T11:03:11.803601,both_devices,8,8,11,16,100,-127,25.21667,32.07331,1.9349
2025-03-20T11:03:17.672196,both_devices,11,10,12,18,100,-127,25.2079,32.16362,1.92675
2025-03-20T11:03:23.533533,both_devices,3,5,4,12,100,-127,25.20237,32.14264,1.910502
2025-03-20T11:03:29.378975,both_devices,8,7,8,13,100,-127,25.20409,32.39832,1.894323
2025-03-20T11:03:35.240561,both_devices,10,6,10,16,100,-127,25.22774,32.69186,1.910502
2025-03-20T11:03:41.086604,both_devices,11,8,12,20,100,-127,25.24338,32.31277,1.899709
2025-03-20T11:03:46.940537,both_devices,9,10,11,16,100,-127,25.22793,32.01199,1.902404
2025-03-20T11:03:52.794372,both_devices,10,10,10,17,100,-127,25.23251,31.75354,1.902404
2025-03-20T11:03:58.641171,both_devices,7,6,8,13,100,-127,25.23479,31.69298,1.924037
2025-03-20T11:04:04.493658,both_devices,11,12,11,21,100,-127,25.22011,31.6515,1.907801
2025-03-20T11:04:10.376840,both_devices,18,15,17,25,100,-127,25.23556,32.10936,1.907801
2025-03-20T11:04:16.231680,both_devices,8,7,9,13,100,-127,25.25539,31.92959,1.929465
2025-03-20T11:04:22.086095,both_devices,8,7,9,15,100,-127,25.24509,31.7214,1.932181
2025-03-20T11:04:27.935813,both_devices,13,9,14,19,100,-127,25.23899,31.81896,1.929465
2025-03-20T11:04:33.798897,both_devices,10,7,8,14,100,-127,25.25711,32.07693,1.924037
2025-03-20T11:04:39.650543,both_devices,11,9,11,18,100,-127,25.25463,32.05643,1.888945
2025-03-20T11:04:45.509974,both_devices,18,17,18,28,100,-127,25.26283,32.33213,1.924037
2025-03-20T11:04:51.364976,both_devices,15,15,13,25,100,-127,25.25463,32.19595,1.92675
2025-03-20T11:04:57.214988,both_devices,7,7,10,15,100,-127,25.25806,32.38611,1.921327
2025-03-20T11:05:03.074162,both_devices,7,6,9,13,100,-127,25.27065,32.30505,1.924037
2025-03-20T11:05:08.941003,both_devices,13,12,13,22,100,-127,25.26588,32.47023,1.915911
2025-03-20T11:05:14.819699,both_devices,11,10,11,18,100,-127,25.26588,32.29828,1.93762
2025-03-20T11:05:20.673702,both_devices,10,9,9,16,100,-127,25.26112,32.2506,1.897015
2025-03-20T11:05:26.528629,both_devices,15,11,15,21,100,-127,25.2594,32.20119,1.913205
2025-03-20T11:05:32.382983,both_devices,16,14,16,23,100,-127,25.25082,32.17297,1.929465
2025-03-20T11:05:38.238852,both_devices,14,11,14,20,100,-127,25.24681,32.14092,1.913205
2025-03-20T11:05:44.103588,both_devices,7,7,8,16,100,-127,25.24605,32.2752,1.891633
2025-03-20T11:05:49.955980,both_devices,29,26,29,40,100,-127,25.2491,32.55377,1.910502
2025-03-20T11:05:55.805425,both_devices,22,25,22,33,100,-127,25.24605,32.88593,1.913205
2025-03-20T11:06:01.695605,both_devices,14,11,15,22,100,-127,25.25425,32.73115,1.888945
2025-03-20T11:06:07.549751,both_devices,11,10,12,18,100,-127,25.24853,32.59773,1.902404
2025-03-20T11:06:13.410938,both_devices,21,12,20,26,100,-127,25.24242,32.4214,1.902404
2025-03-20T11:06:19.288443,both_devices,10,8,10,18,100,-127,25.23441,32.45783,1.897015
2025-03-20T11:06:25.142888,both_devices,7,7,6,14,100,-127,25.23098,32.52802,1.862171
2025-03-20T11:06:30.996386,both_devices,18,14,18,25,100,-127,25.24204,32.71542,1.93762
2025-03-20T11:06:36.843479,both_devices,12,7,12,18,100,-127,25.25158,32.77979,1.943067
2025-03-20T11:06:42.701881,both_devices,8,9,8,19,100,-127,25.25024,32.85236,1.932181
2025-03-20T11:06:48.561678,both_devices,13,8,13,17,100,-127,25.243,32.74393,1.92675
2025-03-20T11:06:54.446900,both_devices,18,10,18,23,100,-127,25.23441,32.79858,1.918618
2025-03-20T11:07:00.314115,both_devices,22,14,21,28,100,-127,25.22259,32.89785,1.910502
2025-03-20T11:07:06.216291,both_devices,16,12,16,24,100,-127,25.21496,33.00276,1.9349
2025-03-20T11:07:12.073557,both_devices,14,9,14,20,100,-127,25.22221,33.33511,1.907801
2025-03-20T11:07:17.927678,both_devices,8,7,9,14,100,-127,25.22697,33.32815,1.913205
2025-03-20T11:07:23.809941,both_devices,7,9,8,15,100,-127,25.21954,33.13389,1.913205
2025-03-20T11:07:29.661591,both_devices,18,14,17,26,100,-127,25.21801,32.91969,1.907801
2025-03-20T11:07:35.512309,both_devices,13,13,13,20,100,-127,25.21439,32.80621,1.924037
2025-03-20T11:07:41.370757,both_devices,25,25,24,36,100,-127,25.20008,32.89948,1.921327
2025-03-20T11:07:47.248294,both_devices,13,11,13,20,100,-127,25.19207,33.09298,1.921327
2025-03-20T11:07:53.109831,both_devices,20,18,20,30,100,-127,25.1976,33.00934,1.913205
2025-03-20T11:07:58.976824,both_devices,2,6,3,13,100,-127,25.20275,32.66068,1.918618
2025-03-20T11:08:04.830889,both_devices,17,19,16,27,100,-127,25.20046,32.55291,1.918618
2025-03-20T11:08:10.690360,both_devices,10,8,11,16,100,-127,25.2018,32.87525,1.902404
2025-03-20T11:08:16.536567,both_devices,11,10,12,19,100,-127,25.19894,32.94773,1.986915
2025-03-20T11:08:22.387721,both_devices,10,7,10,16,100,-127,25.19665,33.08582,1.945793
2025-03-20T11:08:28.271070,both_devices,6,0,13,20,100,-127,25.1955,33.35314,1.93762
2025-03-20T11:08:34.135193,both_devices,12,46,12,19,100,-127,25.20161,33.43191,1.680102
2025-03-20T11:08:39.998302,both_devices,21,95,20,31,100,-127,25.20275,33.36477,1.907801
2025-03-20T11:08:45.876815,both_devices,10,90,11,16,100,-127,25.21267,33.23345,1.907801
2025-03-20T11:08:51.759297,both_devices,15,92,15,21,100,-127,25.22907,32.73973,1.93762
2025-03-20T11:08:57.618292,both_devices,22,98,24,37,100,-127,25.22831,32.40776,1.913205
2025-03-20T11:09:03.472496,both_devices,8,90,8,14,100,-127,25.22087,32.31955,1.9349
2025-03-20T11:09:09.324275,both_devices,8,89,9,14,100,-127,25.21782,32.19357,2.000717
2025-03-20T11:09:15.180487,both_devices,10,91,11,17,100,-127,25.22564,32.38297,2.017344
2025-03-20T11:09:21.052895,both_devices,18,93,17,24,100,-127,25.23594,32.60927,1.932181
2025-03-20T11:09:26.911313,both_devices,13,92,15,19,100,-127,25.2491,32.73916,1.915911
2025-03-20T11:09:32.789718,both_devices,8,89,8,13,100,-127,25.2512,32.5736,1.910502
2025-03-20T11:09:38.644412,both_devices,11,90,11,20,100,-127,25.26894,32.68242,2.090187
2025-03-20T11:09:44.507294,both_devices,13,92,13,22,100,-127,25.27275,32.61471,2.121394
2025-03-20T11:09:50.388506,both_devices,24,98,24,35,100,-127,25.26855,32.89709,2.158573
2025-03-20T11:09:56.255457,both_devices,14,92,15,19,100,-127,25.2718,32.89843,2.098675
2025-03-20T11:10:02.109540,both_devices,11,91,7,15,100,-127,25.26798,32.93333,2.121394
2025-03-20T11:10:07.982019,both_devices,10,90,12,16,100,-127,25.27542,33.46853,1.883575
2025-03-20T11:10:13.835650,both_devices,12,91,13,16,100,-127,25.28706,33.48417,2.170078
2025-03-20T11:10:19.692403,both_devices,15,91,17,21,100,-127,25.30899,33.42819,2.155701
2025-03-20T11:10:25.552467,both_devices,12,90,12,16,100,-127,25.34237,33.71315,2.158573
2025-03-20T11:10:31.414439,both_devices,9,91,10,15,100,-127,25.33855,34.04951,2.135655
2025-03-20T11:10:37.337718,both_devices,20,95,20,28,100,-127,25.37918,34.92384,2.164321
2025-03-20T11:10:43.197051,both_devices,11,90,11,15,100,-127,25.41332,34.65433,2.152832
2025-03-20T11:10:49.051503,both_devices,17,93,17,23,100,-127,25.42973,33.92324,2.149964
2025-03-20T11:10:54.927754,both_devices,12,92,13,18,100,-127,25.44003,33.63829,2.152832
2025-03-20T11:11:00.819040,both_devices,16,95,15,25,100,-127,25.41447,33.48017,2.147099
2025-03-20T11:11:06.678586,both_devices,18,94,18,23,100,-127,25.41142,33.50868,2.167198
2025-03-20T11:11:12.893145,both_devices,8,90,10,14,100,-127,25.41485,33.43334,2.144235
2025-03-20T11:11:18.744370,both_devices,18,95,17,25,100,-127,25.40607,33.64944,2.196075
2025-03-20T11:11:24.597804,both_devices,13,93,14,20,100,-127,25.38128,33.67376,2.158573
2025-03-20T11:11:30.474257,both_devices,7,89,7,10,100,-127,25.37441,33.97074,2.161446
2025-03-20T11:11:36.328459,both_devices,6,89,7,12,100,-127,25.3727,33.78839,2.161446
2025-03-20T11:11:42.232276,both_devices,3,90,5,11,100,-127,25.39845,33.64649,2.172958
2025-03-20T11:11:48.095797,both_devices,10,90,10,14,100,-127,25.42362,33.89063,2.115703
2025-03-20T11:11:53.944494,both_devices,19,94,19,26,100,-127,25.43011,33.68235,2.158573
2025-03-20T11:11:59.806186,both_devices,10,91,10,15,100,-127,25.4076,33.42123,2.167198
2025-03-20T11:12:05.653783,both_devices,10,92,8,15,100,-127,25.42973,33.87814,2.164321
2025-03-20T11:12:11.502460,both_devices,8,90,10,15,100,-127,25.44861,33.99553,2.147099
2025-03-20T11:12:17.384054,both_devices,7,91,7,15,100,-127,25.46806,33.84209,2.158573
2025-03-20T11:12:23.296885,both_devices,12,92,12,17,100,-127,25.47989,33.71258,2.155701
2025-03-20T11:12:29.167589,both_devices,17,94,18,25,100,-127,25.48714,33.59299,2.147099
2025-03-20T11:12:35.015999,both_devices,14,93,15,19,100,-127,25.48275,33.36086,2.147099
2025-03-20T11:12:40.862266,both_devices,8,93,10,16,100,-127,25.46692,33.52575,2.167198
2025-03-20T11:12:46.751756,both_devices,17,93,16,22,100,-127,25.48485,34.08213,2.152832
2025-03-20T11:12:52.625013,both_devices,13,94,13,22,100,-127,25.49324,34.11646,2.175841
2025-03-20T11:12:58.501105,both_devices,8,91,7,14,100,-127,25.51861,33.8582,2.158573
2025-03-20T11:13:04.354404,both_devices,7,92,8,15,100,-127,25.50564,33.56838,2.178726
2025-03-20T11:13:10.229618,both_devices,7,92,9,12,100,-127,25.52853,33.90703,2.175841
2025-03-20T11:13:16.100471,both_devices,10,91,10,15,100,-127,25.53635,33.85515,2.187392
2025-03-20T11:13:21.951859,both_devices,7,90,9,13,100,-127,25.55218,33.41742,2.204775
2025-03-20T11:13:27.807668,both_devices,0,88,1,7,100,-127,25.54722,32.95918,2.204775
2025-03-20T11:13:33.656189,both_devices,12,93,12,19,100,-127,25.52986,32.69119,2.175841
2025-03-20T11:13:39.547283,both_devices,8,90,10,12,100,-127,25.51689,32.59916,2.207679
2025-03-20T11:13:45.411736,both_devices,5,89,6,10,100,-127,25.48828,32.80516,2.210585
2025-03-20T11:13:51.314863,both_devices,9,91,14,15,100,-127,25.48618,33.14209,2.207679
2025-03-20T11:13:57.178556,both_devices,10,92,11,14,100,-127,25.47455,32.81174,2.198973
2025-03-20T11:14:03.038682,both_devices,10,93,10,17,100,-127,25.46444,32.67555,2.190284
2025-03-20T11:14:08.900888,both_devices,8,91,8,13,100,-127,25.45567,32.84769,2.216402
2025-03-20T11:14:14.762078,both_devices,14,94,14,20,100,-127,25.44727,33.37593,2.187392
2025-03-20T11:14:20.614453,both_devices,9,91,9,14,100,-127,25.45719,33.27751,2.193179
2025-03-20T11:14:26.471403,both_devices,8,91,10,13,100,-127,25.45643,32.69625,2.161446
2025-03-20T11:14:32.338252,both_devices,5,89,4,9,100,-127,25.44823,32.81136,2.161446
2025-03-20T11:14:38.202757,both_devices,9,92,9,16,100,-127,25.4612,33.09231,2.175841
2025-03-20T11:14:44.063112,both_devices,11,92,12,17,100,-127,25.48714,33.23002,2.175841
2025-03-20T11:14:49.940515,both_devices,3,89,4,8,100,-127,25.48237,33.10013,2.213492
2025-03-20T11:14:55.842022,both_devices,7,90,7,11,100,-127,25.47989,33.19616,2.187392
2025-03-20T11:15:01.689804,both_devices,7,91,8,13,100,-127,25.50621,33.97341,2.207679
2025-03-20T11:15:07.547347,both_devices,12,93,12,19,100,-127,25.54245,33.85382,2.196075
2025-03-20T11:15:13.418967,both_devices,5,90,6,11,100,-127,25.56801,33.60834,2.207679
2025-03-20T11:15:19.279452,both_devices,1,89,1,8,100,-127,25.59338,33.59852,2.207679
2025-03-20T11:15:25.139586,both_devices,3,88,3,6,100,-127,25.58002,33.32052,2.207679
2025-03-20T11:15:30.995146,both_devices,8,90,9,13,100,-127,25.55752,33.09803,2.216402
2025-03-20T11:15:36.853570,both_devices,8,91,7,14,100,-127,25.53883,33.43878,2.193179
2025-03-20T11:15:42.731200,both_devices,18,96,18,25,100,-127,25.5312,33.60434,2.201873
2025-03-20T11:15:48.605541,both_devices,9,92,10,16,100,-127,25.53673,33.75797,2.207679
2025-03-20T11:15:54.462346,both_devices,5,90,3,10,100,-127,25.53978,33.70838,2.207679
2025-03-20T11:16:00.343541,both_devices,9,90,10,13,100,-127,25.54321,33.36973,2.207679
2025-03-20T11:16:06.223430,both_devices,0,93,2,7,100,-127,25.55065,33.33254,2.207679
2025-03-20T11:16:13.708951,both_devices,23,98,23,30,100,-127,25.54798,33.00896,2.132799
2025-03-20T11:16:19.568483,both_devices,5,93,7,15,100,-127,25.52986,33.11729,2.207679
2025-03-20T11:16:25.422161,both_devices,12,92,12,17,100,-127,25.5085,33.06799,2.207679
2025-03-20T11:16:31.294514,both_devices,11,91,2,15,100,-127,25.51136,33.01001,2.193179
2025-03-20T11:16:37.147141,both_devices,15,93,15,22,100,-127,25.51994,33.53806,2.207679
2025-03-20T11:16:43.032125,both_devices,13,95,14,19,100,-127,25.50297,33.55303,2.193179
2025-03-20T11:16:48.905706,both_devices,12,92,10,16,100,-127,25.50945,33.79011,2.158573
2025-03-20T11:16:54.778424,both_devices,0,90,1,9,100,-127,25.48161,33.41961,2.170078
2025-03-20T11:17:00.655843,both_devices,10,92,10,15,100,-127,25.4652,33.08287,2.181613
2025-03-20T11:17:06.515633,both_devices,9,93,10,16,100,-127,25.4427,32.98597,2.207679
2025-03-20T11:17:12.379342,both_devices,5,92,7,11,100,-127,25.43468,32.84349,2.210585
2025-03-20T11:17:18.258047,both_devices,6,90,8,11,100,-127,25.42439,33.08983,2.210585
2025-03-20T11:17:24.115569,both_devices,7,91,8,12,100,-127,25.43602,33.3271,2.207679
2025-03-20T11:17:29.965155,both_devices,16,93,12,19,100,-127,25.4652,33.49123,2.147099
2025-03-20T11:17:35.814677,both_devices,7,89,9,12,100,-127,25.46692,33.58812,2.164321
2025-03-20T11:17:41.684520,both_devices,16,93,17,23,100,-127,25.46902,33.74624,2.187392
2025-03-20T11:17:47.562199,both_devices,9,92,11,15,100,-127,25.4591,33.70018,2.22806
2025-03-20T11:17:53.423964,both_devices,9,92,12,15,100,-127,25.4755,34.00154,2.187392
2025-03-20T11:17:59.270886,both_devices,5,90,9,11,100,-127,25.49095,33.96273,2.161446
2025-03-20T11:18:05.148243,both_devices,8,91,11,14,100,-127,25.49801,33.638,2.198973
2025-03-20T11:18:11.009905,both_devices,6,92,10,16,100,-127,25.51517,34.17902,2.198973
2025-03-20T11:18:16.867188,both_devices,9,92,11,15,100,-127,25.53024,33.68196,2.187392
2025-03-20T11:18:22.713138,both_devices,11,92,13,17,100,-127,25.54035,34.03502,2.158573
2025-03-20T11:18:28.579013,both_devices,9,93,9,13,100,-127,25.53196,34.12848,2.178726
2025-03-20T11:18:34.451050,both_devices,12,94,16,19,100,-127,25.52853,34.06267,2.175841
2025-03-20T11:18:40.309632,both_devices,18,96,20,27,100,-127,25.52547,34.11217,2.175841
2025-03-20T11:18:46.176506,both_devices,9,92,9,15,100,-127,25.52242,33.69961,2.178726
2025-03-20T11:18:52.036389,both_devices,16,95,19,23,100,-127,25.51861,33.63972,2.175841
2025-03-20T11:18:57.888088,both_devices,22,95,20,24,100,-127,25.52204,33.53863,2.175841
2025-03-20T11:19:03.746199,both_devices,10,90,10,12,100,-127,25.53082,33.60481,2.164321
2025-03-20T11:19:09.672189,both_devices,12,93,14,17,100,-127,25.54207,33.6462,2.196075
2025-03-20T11:19:15.546059,both_devices,13,93,14,17,100,-127,25.55714,33.56667,2.178726
2025-03-20T11:19:21.399766,both_devices,6,92,8,14,100,-127,25.5743,33.23212,2.155701
2025-03-20T11:19:27.256516,both_devices,11,92,13,16,100,-127,25.58193,33.17776,2.201873
2025-03-20T11:19:33.109524,both_devices,12,93,15,18,100,-127,25.5722,33.01973,2.190284
2025-03-20T11:19:38.973923,both_devices,10,91,9,14,100,-127,25.56915,33.26387,2.147099
2025-03-20T11:19:44.834385,both_devices,5,89,7,9,100,-127,25.58155,33.99839,2.170078
2025-03-20T11:19:50.681553,both_devices,16,95,18,24,100,-127,25.57869,33.81462,2.207679
2025-03-20T11:19:56.549367,both_devices,3,91,5,13,100,-127,25.57106,33.33158,2.201873
2025-03-20T11:20:02.415633,both_devices,9,91,11,15,100,-127,25.56305,32.87096,2.178726
2025-03-20T11:20:08.280398,both_devices,9,91,11,13,100,-127,25.55809,33.02593,2.187392
2025-03-20T11:20:14.174322,both_devices,14,92,14,18,100,-127,25.56133,33.15001,2.170078
2025-03-20T11:20:20.026602,both_devices,14,94,17,20,100,-127,25.54283,33.03061,2.181613
2025-03-20T11:20:25.886360,both_devices,6,90,8,11,100,-127,25.53425,33.18644,2.193179
2025-03-20T11:20:31.744083,both_devices,13,93,16,21,100,-127,25.53787,33.24604,2.167198
2025-03-20T11:20:37.600741,both_devices,2,90,4,11,100,-127,25.55065,33.44851,2.190284
2025-03-20T11:20:43.463229,both_devices,11,91,13,15,100,-127,25.52319,33.17757,2.201873
2025-03-20T11:20:49.320401,both_devices,18,96,21,25,100,-127,25.50621,33.49218,2.178726
2025-03-20T11:20:55.170456,both_devices,15,93,17,20,100,-127,25.52986,33.89893,2.158573
2025-03-20T11:21:01.024457,both_devices,10,93,13,17,100,-127,25.52948,33.45823,2.178726
2025-03-20T11:21:06.876523,both_devices,13,95,18,23,100,-127,25.53291,33.45308,2.158573
2025-03-20T11:21:12.768280,both_devices,3,92,5,13,100,-127,25.51956,33.29449,2.155701
2025-03-20T11:21:18.661376,both_devices,15,94,17,19,100,-127,25.51727,33.73966,2.141373
2025-03-20T11:21:24.518913,both_devices,17,92,17,20,100,-127,25.51727,33.47998,2.2339
2025-03-20T11:21:30.379812,both_devices,19,96,21,25,100,-127,25.52567,33.82092,2.144235
2025-03-20T11:21:36.238037,both_devices,13,94,17,20,100,-127,25.54855,33.71382,2.164321
2025-03-20T11:21:42.111390,both_devices,13,94,16,21,100,-127,25.54455,33.71153,2.152832
2025-03-20T11:21:47.973666,both_devices,12,93,13,18,100,-127,25.5518,33.82559,2.164321
2025-03-20T11:21:53.848929,both_devices,4,90,5,11,100,-127,25.56267,33.77829,2.178726
2025-03-20T11:21:59.699401,both_devices,7,90,9,12,100,-127,25.59204,33.56752,2.158573
2025-03-20T11:22:05.597560,both_devices,12,93,15,18,100,-127,25.60215,33.62665,2.158573
2025-03-20T11:22:11.490648,both_devices,4,91,8,11,100,-127,25.58079,33.0657,2.155701
2025-03-20T11:22:17.394923,both_devices,13,93,14,18,100,-127,25.56915,33.03423,2.207679
2025-03-20T11:22:23.308305,both_devices,10,91,12,15,100,-127,25.56572,33.12998,2.187392
2025-03-20T11:22:29.167087,both_devices,15,94,18,22,100,-127,25.56534,33.39329,2.204775
2025-03-20T11:22:35.015797,both_devices,12,92,14,18,100,-127,25.58899,33.6463,2.178726
2025-03-20T11:22:40.865610,both_devices,13,94,17,21,100,-127,25.62103,33.59861,2.161446
2025-03-20T11:22:46.719985,both_devices,10,92,12,15,100,-127,25.62923,33.39014,2.190284
2025-03-20T11:22:52.582090,both_devices,14,93,16,20,100,-127,25.63438,33.67987,2.181613
2025-03-20T11:22:58.450579,both_devices,18,98,21,29,100,-127,25.64926,33.62274,2.161446
2025-03-20T11:23:04.307584,both_devices,10,94,12,19,100,-127,25.66872,33.46376,2.170078
2025-03-20T11:23:10.158085,both_devices,13,93,14,19,100,-127,25.67234,33.34742,2.170078
2025-03-20T11:23:16.021729,both_devices,19,97,22,26,100,-127,25.6773,33.25176,2.152832
2025-03-20T11:23:21.900308,both_devices,27,97,31,33,100,-127,25.68989,33.50115,2.161446
2025-03-20T11:23:28.557906,both_devices,16,92,17,20,100,-127,25.70839,33.35457,2.181613
2025-03-20T11:23:34.414719,both_devices,12,93,14,22,100,-127,25.7061,33.16803,2.155701
2025-03-20T11:23:40.270058,both_devices,8,91,10,12,100,-127,25.71907,33.22163,2.219314
2025-03-20T11:23:46.154236,both_devices,9,92,12,14,100,-127,25.71774,32.95012,2.161446
2025-03-20T11:23:52.019117,both_devices,10,92,10,13,100,-127,25.7185,32.92074,2.161446
2025-03-20T11:23:57.879416,both_devices,11,95,14,18,100,-127,25.71583,33.30317,2.158573
2025-03-20T11:24:03.736747,both_devices,11,92,13,17,100,-127,25.71468,33.59575,2.172958
2025-03-20T11:24:09.593767,both_devices,18,95,20,24,100,-127,25.74654,33.38079,2.175841
2025-03-20T11:24:16.242230,both_devices,25,100,29,34,100,-127,25.7328,33.13484,2.164321
2025-03-20T11:24:21.314531,both_devices,17,98,19,27,100,-127,25.72842,33.10966,2.175841
2025-03-20T11:24:27.190431,both_devices,16,95,19,23,100,-127,25.7412,33.42447,2.149964
2025-03-20T11:24:33.095660,both_devices,19,95,23,25,100,-127,25.77171,33.42333,2.144235
2025-03-20T11:24:38.953591,both_devices,19,94,19,23,100,-127,25.78449,33.54225,2.178726
2025-03-20T11:24:44.857462,both_devices,15,94,17,20,100,-127,25.78564,33.47225,2.187392
2025-03-20T11:24:50.735477,both_devices,14,95,18,24,100,-127,25.78754,33.42209,2.170078
2025-03-20T11:24:56.648223,both_devices,17,97,19,27,100,-127,25.79231,33.35829,2.172958
2025-03-20T11:25:02.503174,both_devices,8,91,8,15,100,-127,25.79651,32.96204,2.181613
2025-03-20T11:25:08.366969,both_devices,18,94,20,21,100,-127,25.78316,32.79982,2.172958
2025-03-20T11:25:14.242572,both_devices,8,92,12,15,100,-127,25.80395,33.73013,2.193179
2025-03-20T11:25:20.112088,both_devices,15,93,16,21,100,-127,25.79994,33.4074,2.170078
2025-03-20T11:25:25.976037,both_devices,22,97,25,29,100,-127,25.79269,33.29535,2.178726
2025-03-20T11:25:31.837763,both_devices,13,94,16,22,100,-127,25.78983,33.23393,2.198973
2025-03-20T11:25:37.719487,both_devices,4,90,4,12,100,-127,25.76542,33.28791,2.187392
2025-03-20T11:25:43.570844,both_devices,11,91,11,16,100,-127,25.75283,33.1522,2.152832
2025-03-20T11:25:49.470660,both_devices,8,90,9,12,100,-127,25.74615,33.64115,2.178726
2025-03-20T11:25:55.327810,both_devices,8,91,10,14,100,-127,25.73853,33.51727,2.181613
2025-03-20T11:26:01.339405,both_devices,8,91,10,14,100,-127,25.73395,33.85391,2.172958
2025-03-20T11:26:07.217590,both_devices,7,87,7,15,100,-127,25.72594,33.66661,2.193179
2025-03-20T11:26:13.085503,both_devices,5,91,10,12,100,-127,25.7021,33.61101,2.155701
2025-03-20T11:26:18.948564,both_devices,10,93,16,15,100,-127,25.72212,33.5639,2.158573
2025-03-20T11:26:24.811371,both_devices,4,89,5,9,100,-127,25.72842,33.35094,2.164321
2025-03-20T11:26:30.682759,both_devices,14,93,15,19,100,-127,25.72136,33.19235,2.172958
2025-03-20T11:26:36.544473,both_devices,9,91,12,15,100,-127,25.74444,33.35018,2.181613
2025-03-20T11:26:42.446581,both_devices,10,91,12,16,100,-127,25.73071,33.10251,2.147099
2025-03-20T11:26:48.315543,both_devices,2,90,2,9,100,-127,25.73357,32.91626,2.187392
2025-03-20T11:26:54.175758,both_devices,8,90,12,15,100,-127,25.73509,33.39882,2.193179
2025-03-20T11:27:00.028425,both_devices,6,90,10,12,100,-127,25.72689,33.65345,2.193179
2025-03-20T11:27:05.885521,both_devices,11,93,14,17,100,-127,25.70457,33.52499,2.193179
2025-03-20T11:27:11.772603,both_devices,6,91,10,13,100,-127,25.69332,33.72345,2.210585
2025-03-20T11:27:17.623123,both_devices,11,93,13,17,100,-127,25.704,33.78363,2.201873
2025-03-20T11:27:23.490422,both_devices,9,92,12,15,100,-127,25.68989,33.52737,2.193179
2025-03-20T11:27:29.344547,both_devices,15,95,19,23,100,-127,25.69408,33.6195,2.201873
2025-03-20T11:27:35.213654,both_devices,13,93,16,19,100,-127,25.69828,33.8069,2.204775
2025-03-20T11:27:41.087658,both_devices,10,93,12,15,100,-127,25.70343,33.68073,2.175841
2025-03-20T11:27:46.958335,both_devices,5,90,6,10,100,-127,25.71888,33.66899,2.170078
2025-03-20T11:27:52.820630,both_devices,9,92,13,15,100,-127,25.72727,33.41417,2.187392
2025-03-20T11:27:58.699482,both_devices,3,89,6,9,100,-127,25.72041,33.17747,2.190284
2025-03-20T11:28:04.552797,both_devices,19,96,23,27,100,-127,25.74234,33.6237,2.101508
2025-03-20T11:28:10.428471,both_devices,26,100,31,36,100,-127,25.74234,33.58774,2.155701
2025-03-20T11:28:16.318518,both_devices,13,93,15,18,100,-127,25.75493,33.92706,2.181613
2025-03-20T11:28:22.167447,both_devices,14,96,18,23,100,-127,25.76332,33.7534,2.210585
2025-03-20T11:28:28.023737,both_devices,17,94,19,23,100,-127,25.77801,34.3235,2.167198
2025-03-20T11:28:33.900498,both_devices,27,98,29,33,100,-127,25.78678,34.69353,2.196075
2025-03-20T11:28:39.755431,both_devices,14,94,12,16,100,-127,25.80719,34.77325,2.204775
2025-03-20T11:28:45.611822,both_devices,9,92,12,19,100,-127,25.82054,34.93443,2.196075
2025-03-20T11:28:51.484880,both_devices,12,93,15,18,100,-127,25.81692,34.56526,2.204775
2025-03-20T11:28:57.354833,both_devices,23,98,27,32,100,-127,25.80833,34.06372,2.193179
2025-03-20T11:29:03.217903,both_devices,19,97,22,27,100,-127,25.78945,33.92982,2.181613
2025-03-20T11:29:09.070420,both_devices,12,92,14,17,100,-127,25.79193,34.26733,2.198973
2025-03-20T11:29:14.917581,both_devices,9,91,11,14,100,-127,25.79956,33.63323,2.178726
2025-03-20T11:29:20.795182,both_devices,9,92,13,18,100,-127,25.79327,33.42772,2.196075
2025-03-20T11:29:26.662360,both_devices,9,93,11,18,100,-127,25.78011,33.56419,2.190284
2025-03-20T11:29:32.558472,both_devices,26,100,29,34,100,-127,25.76504,34.2308,2.190284
2025-03-20T11:29:38.428448,both_devices,18,94,19,23,100,-127,25.77457,35.28605,2.207679
2025-03-20T11:29:44.291518,both_devices,19,95,21,26,100,-127,25.78487,35.53705,2.178726
2025-03-20T11:29:50.141454,both_devices,11,93,16,20,100,-127,25.77724,35.50854,2.198973
2025-03-20T11:29:56.026485,both_devices,11,93,13,16,100,-127,25.7843,35.87036,2.207679
2025-03-20T11:30:01.877312,both_devices,24,98,27,32,100,-127,25.7885,35.46076,2.193179
2025-03-20T11:30:07.734793,both_devices,16,93,17,21,100,-127,25.75665,34.1361,2.201873
2025-03-20T11:30:13.602169,both_devices,26,100,30,35,100,-127,25.73891,33.51412,2.187392
2025-03-20T11:30:19.510704,both_devices,16,91,17,22,100,-127,25.72651,34.15775,2.172958
2025-03-20T11:30:25.360308,both_devices,31,100,34,40,100,-127,25.69313,33.9694,2.121394
2025-03-20T11:30:31.219483,both_devices,36,100,40,45,100,-127,25.67425,34.40065,2.172958
2025-03-20T11:30:37.077849,both_devices,24,99,28,33,100,-127,25.66776,35.06594,2.201873
2025-03-20T11:30:42.954967,both_devices,18,95,20,24,100,-127,25.65918,34.83677,2.222227
2025-03-20T11:30:48.804336,both_devices,22,100,26,30,100,-127,25.64869,34.90133,2.158573
2025-03-20T11:30:54.672324,both_devices,23,98,25,30,100,-127,25.64697,34.99117,2.207679
2025-03-20T11:31:00.554711,both_devices,26,96,28,31,100,-127,25.634,34.37614,2.207679
2025-03-20T11:31:06.429714,both_devices,22,99,25,32,100,-127,25.63572,33.94566,2.222227
2025-03-20T11:31:12.305044,both_devices,24,96,26,30,100,-127,25.65136,34.27486,2.175841
2025-03-20T11:31:18.169692,both_devices,15,92,16,19,100,-127,25.65269,34.25865,2.187392
2025-03-20T11:31:24.019026,both_devices,21,97,24,28,100,-127,25.63915,34.35373,2.170078
2025-03-20T11:31:29.884506,both_devices,28,100,33,44,100,-127,25.64297,34.70592,2.207679
2025-03-20T11:31:35.760660,both_devices,25,97,27,32,100,-127,25.64697,34.47714,2.201873
2025-03-20T11:31:41.626506,both_devices,50,100,10,69,100,-127,25.64621,34.1176,2.204775
2025-03-20T11:31:47.480485,both_devices,25,99,33,33,100,-127,25.6424,33.92572,2.222227
2025-03-20T11:31:55.544147,both_devices,18,94,25,25,100,-127,25.63667,33.78353,2.216402
2025-03-20T11:32:00.644064,both_devices,17,95,24,25,100,-127,25.63095,34.28183,2.251467
2025-03-20T11:32:05.708106,both_devices,10,94,19,20,100,-127,25.67272,35.37226,2.251467
2025-03-20T11:32:11.520499,both_devices,10,93,20,20,100,-127,25.68321,34.82342,2.251467
2025-03-20T11:32:17.375305,both_devices,17,91,25,24,100,-127,25.70343,34.35526,2.251467
2025-03-20T11:32:23.241726,both_devices,11,92,20,17,100,-127,25.73681,34.10244,2.251467
2025-03-20T11:32:29.111063,both_devices,16,95,26,23,100,-127,25.74234,34.08289,2.251467
2025-03-20T11:32:34.976489,both_devices,17,97,25,25,100,-127,25.73891,33.71935,2.251467
2025-03-20T11:32:40.832201,both_devices,17,97,26,26,100,-127,25.7431,33.95414,2.251467
2025-03-20T11:32:46.707708,both_devices,17,96,26,25,100,-127,25.72899,34.3235,2.251467
2025-03-20T11:32:52.563720,both_devices,21,94,28,27,100,-127,25.71888,34.01251,2.251467
2025-03-20T11:32:58.422592,both_devices,41,100,47,50,100,-127,25.70782,33.82521,2.251467
2025-03-20T11:33:04.280129,both_devices,25,97,32,30,100,-127,25.70534,34.27992,2.251467
2025-03-20T11:33:10.651260,both_devices,22,98,29,30,100,-127,25.70381,34.12466,2.251467
2025-03-20T11:33:16.513052,both_devices,13,94,25,23,100,-127,25.6958,34.16138,2.304579
2025-03-20T11:33:22.392163,both_devices,18,96,25,24,100,-127,25.66643,33.66623,2.412662
2025-03-20T11:33:28.237182,both_devices,21,97,29,30,100,-127,25.66566,33.90961,2.251467
2025-03-20T11:33:34.089726,both_devices,13,95,24,23,100,-127,25.67558,33.63295,2.251467
2025-03-20T11:33:39.964800,both_devices,12,92,21,17,100,-127,25.67005,33.75902,2.251467
2025-03-20T11:33:45.872488,both_devices,22,98,29,28,100,-127,25.67005,34.24177,2.251467
2025-03-20T11:33:52.190321,both_devices,16,94,25,21,100,-127,25.66814,34.01194,2.251467
2025-03-20T11:33:58.119095,both_devices,22,96,29,28,100,-127,25.66204,34.33666,2.251467
2025-03-20T11:34:03.971921,both_devices,38,100,44,47,100,-127,25.69618,34.81703,2.251467
2025-03-20T11:34:09.844984,both_devices,24,98,31,32,100,-127,25.71926,35.06556,2.251467
2025-03-20T11:34:15.775307,both_devices,17,95,25,22,100,-127,25.73509,35.39047,2.251467
2025-03-20T11:34:21.670983,both_devices,23,97,31,28,100,-127,25.75703,35.60162,2.251467
2025-03-20T11:34:27.531994,both_devices,19,97,27,25,100,-127,25.79365,35.76307,2.251467
2025-03-20T11:34:33.401720,both_devices,14,92,21,17,100,-127,25.79517,35.15806,2.379374
2025-03-20T11:34:39.260765,both_devices,29,100,36,43,100,-127,25.83656,35.57501,2.370336
2025-03-20T11:34:45.121727,both_devices,16,93,23,20,100,-127,25.85449,35.10008,2.251467
2025-03-20T11:34:50.993032,both_devices,39,100,44,54,100,-127,25.84724,34.74255,2.251467
2025-03-20T11:34:56.884261,both_devices,26,98,33,34,100,-127,25.85201,34.729,2.251467
2025-03-20T11:35:02.735633,both_devices,14,93,21,18,100,-127,25.86365,34.91983,2.251467
2025-03-20T11:35:08.580794,both_devices,18,98,25,28,100,-127,25.82855,34.29718,2.251467
2025-03-20T11:35:14.428783,both_devices,41,100,46,52,100,-127,25.80795,34.39713,2.251467
2025-03-20T11:35:20.334750,both_devices,32,100,39,42,100,-127,25.79689,34.27887,2.251467
2025-03-20T11:35:26.187859,both_devices,19,97,27,27,100,-127,25.77457,34.14364,2.251467
2025-03-20T11:35:32.036930,both_devices,17,95,24,23,100,-127,25.74863,33.77943,2.304579
2025-03-20T11:35:37.944672,both_devices,8,91,16,14,100,-127,25.75016,33.43773,2.251467
2025-03-20T11:35:43.800346,both_devices,11,94,20,21,100,-127,25.74234,33.39653,2.251467
2025-03-20T11:35:49.675331,both_devices,14,93,23,19,100,-127,25.72689,33.45404,2.251467
2025-03-20T11:35:56.162698,both_devices,13,92,20,17,100,-127,25.69199,33.39872,2.251467
2025-03-20T11:36:02.023823,both_devices,14,93,23,19,100,-127,25.6794,33.53376,2.251467
2025-03-20T11:36:07.894903,both_devices,13,93,20,18,100,-127,25.68207,33.91209,2.251467
2025-03-20T11:36:13.771477,both_devices,27,99,34,35,100,-127,25.66338,33.58469,2.251467
2025-03-20T11:36:19.661099,both_devices,11,94,20,21,100,-127,25.65079,33.53138,2.251467
2025-03-20T11:36:25.557506,both_devices,31,100,37,42,100,-127,25.62962,33.56514,2.251467
2025-03-20T11:36:34.688503,both_devices,11,95,24,22,100,-127,25.61512,33.61149,2.304579
2025-03-20T11:36:39.790473,both_devices,17,94,24,21,100,-127,25.597,33.30679,2.304579
2025-03-20T11:36:44.877113,both_devices,23,97,29,30,100,-127,25.60673,33.955,2.251467
2025-03-20T11:36:49.930820,both_devices,39,100,44,48,100,-127,25.61588,34.24273,2.2339
2025-03-20T11:36:55.000517,both_devices,65,100,67,79,100,-127,25.63133,34.3277,2.251467
2025-03-20T11:37:00.788626,both_devices,14,93,23,18,100,-127,25.6525,34.2164,2.322421
2025-03-20T11:37:06.644798,both_devices,16,92,24,21,100,-127,25.6567,34.0766,2.251467
2025-03-20T11:37:12.529362,both_devices,31,100,37,40,100,-127,25.67692,33.98199,2.210585
2025-03-20T11:37:18.399348,both_devices,24,100,30,35,100,-127,25.70801,34.41553,2.207679
2025-03-20T11:37:41.448279,both_devices,83,100,83,98,100,-127,25.80147,34.01966,2.251467
2025-03-20T11:37:47.689982,both_devices,38,100,43,47,100,-127,25.8255,34.02214,2.307548
2025-03-20T11:37:52.749903,both_devices,20,95,27,25,100,-127,25.84782,33.98466,2.251467
2025-03-20T11:37:57.802923,both_devices,20,95,27,24,100,-127,25.86193,33.89597,2.251467
2025-03-20T11:38:02.832402,both_devices,14,93,22,19,100,-127,25.86193,33.80852,2.251467
2025-03-20T11:38:12.793144,both_devices,37,100,42,48,100,-127,25.86288,33.99048,2.251467
2025-03-20T11:38:47.992264,both_devices,25,99,33,34,100,-127,25.81005,32.80849,2.307548
2025-03-20T11:38:53.110325,both_devices,30,100,37,39,100,-127,25.79823,32.68175,2.251467
2025-03-20T11:38:58.160841,both_devices,14,95,23,22,100,-127,25.78087,32.62787,2.307548
2025-03-20T11:39:03.204284,both_devices,12,93,20,18,100,-127,25.77343,32.52859,2.251467
2025-03-20T11:39:08.333640,both_devices,7,90,17,12,100,-127,25.77763,32.69777,2.178726
2025-03-20T11:39:13.395309,both_devices,13,94,22,19,100,-127,25.78106,32.91988,2.207679
2025-03-20T11:39:18.858922,both_devices,12,94,20,21,100,-127,25.77286,32.85542,2.207679
2025-03-20T11:39:23.914511,both_devices,15,96,23,24,100,-127,25.76427,32.98798,2.11286
2025-03-20T11:39:29.162411,both_devices,21,97,28,30,100,-127,25.77763,33.31041,2.115703
2025-03-20T11:39:35.097703,both_devices,13,92,20,15,100,-127,25.77972,33.22887,2.178726
2025-03-20T11:39:40.962024,both_devices,16,98,23,22,100,-127,25.78773,33.06293,2.152832
2025-03-20T11:39:47.011558,both_devices,19,95,25,24,100,-127,25.79155,33.06246,2.161446
2025-03-20T11:39:52.867435,both_devices,47,100,49,59,100,-127,25.79899,33.05788,2.178726
2025-03-20T11:39:58.743517,both_devices,16,94,25,22,100,-127,25.79269,33.08258,2.164321
2025-03-20T11:40:04.603516,both_devices,29,100,34,39,100,-127,25.79231,32.86982,2.319443
2025-03-20T11:40:10.459766,both_devices,9,92,16,18,100,-127,25.79365,32.91283,2.251467
2025-03-20T11:40:16.312932,both_devices,17,94,25,22,100,-127,25.80147,33.04462,2.307548
2025-03-20T11:40:22.169484,both_devices,25,97,31,33,100,-127,25.81081,33.16736,2.301612
2025-03-20T11:40:28.068553,both_devices,23,99,29,32,100,-127,25.80795,32.98931,2.334354
2025-03-20T11:40:33.995758,both_devices,16,94,25,23,100,-127,25.80242,33.00428,2.251467
2025-03-20T11:40:39.915473,both_devices,33,100,38,42,100,-127,25.79823,32.82385,2.310519
2025-03-20T11:40:45.776489,both_devices,26,100,33,41,100,-127,25.79727,32.93514,2.210585
2025-03-20T11:40:54.123045,both_devices,22,100,30,37,100,-127,25.81367,33.12321,2.204775
2025-03-20T11:41:03.256289,both_devices,33,98,37,39,100,-127,25.8255,33.08134,2.164321
2025-03-20T11:41:08.637504,both_devices,34,100,39,39,100,-127,25.8112,33.1502,2.11286
2025-03-20T11:41:27.498007,both_devices,29,100,36,39,100,-127,25.79651,33.24862,2.310519
2025-03-20T11:41:33.693512,both_devices,13,94,21,21,100,-127,25.81043,33.56771,2.337342
2025-03-20T11:41:38.750218,both_devices,10,93,18,18,100,-127,25.81367,33.61359,2.334354
2025-03-20T11:41:44.502659,both_devices,20,95,27,26,100,-127,25.80872,33.63199,2.343323
2025-03-20T11:41:50.371304,both_devices,21,95,28,26,100,-127,25.80318,33.29535,2.301612
2025-03-20T11:41:56.228563,both_devices,13,96,20,18,100,-127,25.79727,32.85751,2.358311
2025-03-20T11:42:02.096039,both_devices,29,99,35,36,100,-127,25.81043,33.09088,2.349313
2025-03-20T11:42:07.995258,both_devices,17,93,25,22,100,-127,25.8234,33.49447,2.346317
2025-03-20T11:42:13.862143,both_devices,25,99,30,33,100,-127,25.83046,34.01337,2.430917
2025-03-20T11:42:19.741921,both_devices,25,97,31,31,100,-127,25.83828,34.2638,2.358311
2025-03-20T11:42:32.488275,both_devices,42,100,46,50,100,-127,25.82397,34.0991,2.376359
2025-03-20T11:42:38.185251,both_devices,50,100,52,60,100,-127,25.8112,33.78124,2.38843
2025-03-20T11:42:48.087641,both_devices,24,97,30,28,100,-127,25.79021,32.99074,2.370336
2025-03-20T11:42:53.159987,both_devices,27,100,31,37,100,-127,25.78011,32.65524,2.35231
2025-03-20T11:42:58.305835,both_devices,28,100,34,36,100,-127,25.77457,32.78055,2.346317
2025-03-20T11:43:03.344569,both_devices,11,93,22,19,100,-127,25.76675,33.0924,2.349313
2025-03-20T11:43:08.443857,both_devices,26,100,31,38,100,-127,25.76656,33.29611,2.370336
2025-03-20T11:43:13.547054,both_devices,15,94,23,21,100,-127,25.75283,33.11911,2.322421
2025-03-20T11:43:18.583572,both_devices,24,98,30,31,100,-127,25.73776,33.16956,2.334354
2025-03-20T11:43:24.370300,both_devices,24,98,30,32,100,-127,25.71678,33.1171,2.331368
2025-03-20T11:43:30.236183,both_devices,20,95,26,25,100,-127,25.70496,33.40845,2.346317
2025-03-20T11:43:36.105351,both_devices,29,100,34,36,100,-127,25.69504,33.47025,2.358311
2025-03-20T11:43:41.986563,both_devices,49,100,51,60,100,-127,25.6752,32.96204,2.358311
2025-03-20T11:43:48.926979,both_devices,50,100,52,61,100,-127,25.65422,32.8845,2.349313
2025-03-20T11:43:54.854523,both_devices,31,100,36,38,100,-127,25.6424,32.83195,2.331368
2025-03-20T11:44:00.759693,both_devices,15,93,23,19,100,-127,25.64106,32.80716,2.36432
2025-03-20T11:44:07.001376,both_devices,13,90,19,15,100,-127,25.62008,32.25489,2.358311
2025-03-20T11:44:12.860447,both_devices,15,92,20,19,100,-127,25.61226,32.13472,2.35231
2025-03-20T11:44:18.716204,both_devices,9,91,18,15,100,-127,25.61359,32.23381,2.343323
2025-03-20T11:44:24.574048,both_devices,11,94,19,19,100,-127,25.61626,32.2814,2.36432
2025-03-20T11:44:30.673558,both_devices,11,90,20,16,100,-127,25.62237,32.45049,2.346317
2025-03-20T11:44:36.527556,both_devices,17,94,24,22,100,-127,25.61855,32.35264,2.316466
2025-03-20T11:44:42.400221,both_devices,8,91,16,12,100,-127,25.61626,32.13367,2.35231
2025-03-20T11:44:48.275427,both_devices,7,91,17,15,100,-127,25.6197,32.20387,2.406593
2025-03-20T11:44:54.201506,both_devices,12,93,20,16,100,-127,25.62275,32.51047,2.370336
2025-03-20T11:45:00.075035,both_devices,8,93,17,17,100,-127,25.60768,32.3595,2.367326
2025-03-20T11:45:05.936195,both_devices,15,94,23,20,100,-127,25.59986,32.44219,2.367326
2025-03-20T11:45:11.792060,both_devices,22,99,30,32,100,-127,25.59757,32.52029,2.367326
2025-03-20T11:45:17.680960,both_devices,15,92,22,18,100,-127,25.58994,32.38163,2.358311
2025-03-20T11:45:23.560848,both_devices,11,92,17,14,100,-127,25.58956,32.32422,2.358311
2025-03-20T11:45:29.448451,both_devices,13,92,20,16,100,-127,25.59471,32.47185,2.316466
2025-03-20T11:45:35.306949,both_devices,18,98,25,26,100,-127,25.59471,32.42016,2.331368
2025-03-20T11:45:41.164576,both_devices,6,92,15,12,100,-127,25.59338,32.36237,2.334354
2025-03-20T11:45:47.026593,both_devices,20,95,26,25,100,-127,25.58556,32.36313,2.349313
2025-03-20T11:45:52.884502,both_devices,14,93,21,21,100,-127,25.59204,32.37591,2.35531
2025-03-20T11:45:58.792257,both_devices,14,92,19,16,100,-127,25.5909,32.40299,2.36432
2025-03-20T11:46:04.647004,both_devices,15,95,23,21,100,-127,25.58899,32.47566,2.394476
2025-03-20T11:46:10.514350,both_devices,10,92,19,16,100,-127,25.57907,32.40271,2.346317
2025-03-20T11:46:16.423404,both_devices,20,96,27,25,100,-127,25.57182,32.30534,2.35231
2025-03-20T11:46:22.307081,both_devices,9,92,18,13,100,-127,25.57697,32.4626,2.358311
2025-03-20T11:46:28.167012,both_devices,10,92,19,16,100,-127,25.58746,32.53441,2.35231
2025-03-20T11:46:34.452455,both_devices,16,94,24,22,100,-127,25.6073,32.87039,2.346317
2025-03-20T11:46:40.337759,both_devices,19,95,26,22,100,-127,25.61169,32.36799,2.370336
2025-03-20T11:46:46.196273,both_devices,18,97,25,25,100,-127,25.61665,32.61509,2.340332
2025-03-20T11:46:52.049800,both_devices,20,97,27,27,100,-127,25.61665,32.47566,2.35531
2025-03-20T11:46:57.899126,both_devices,15,95,23,22,100,-127,25.61054,32.21283,2.35231
2025-03-20T11:47:03.818715,both_devices,17,95,21,21,100,-127,25.61378,31.96011,2.361314
2025-03-20T11:47:09.688795,both_devices,18,97,26,26,100,-127,25.6134,31.79703,2.35531
2025-03-20T11:47:17.495274,both_devices,32,100,37,38,100,-127,25.61169,31.70328,2.358311
2025-03-20T11:47:23.354176,both_devices,18,95,26,24,100,-127,25.62313,32.08437,2.334354
2025-03-20T11:47:29.211087,both_devices,35,100,41,43,100,-127,25.61016,31.96049,2.328383
2025-03-20T11:47:35.082039,both_devices,25,95,30,29,100,-127,25.60635,31.98719,2.358311
2025-03-20T11:47:40.951488,both_devices,16,93,23,20,100,-127,25.61035,32.15256,2.35231
2025-03-20T11:47:47.573176,both_devices,32,100,37,40,100,-127,25.60978,32.07121,2.346317
2025-03-20T11:47:53.452363,both_devices,22,97,28,28,100,-127,25.62313,32.08055,2.340332
2025-03-20T11:48:02.338700,both_devices,16,94,24,19,100,-127,25.62485,31.88105,2.349313
2025-03-20T11:48:08.496845,both_devices,25,99,30,31,100,-127,25.61493,31.76222,2.358311
2025-03-20T11:48:15.444559,both_devices,27,99,33,35,100,-127,25.61264,31.60324,2.322421
2025-03-20T11:48:21.310990,both_devices,34,100,39,44,100,-127,25.60902,31.67439,2.343323
2025-03-20T11:48:27.244467,both_devices,38,100,42,46,100,-127,25.60673,31.60276,2.349313
2025-03-20T11:48:33.103060,both_devices,39,100,42,47,100,-127,25.60024,31.56986,2.35531
2025-03-20T11:48:38.965679,both_devices,12,95,20,23,100,-127,25.58899,31.76517,2.349313
2025-03-20T11:48:44.831676,both_devices,32,100,37,40,100,-127,25.58956,31.74334,2.358311
2025-03-20T11:48:50.692505,both_devices,25,98,31,32,100,-127,25.59433,31.75898,2.334354
2025-03-20T11:48:56.563822,both_devices,31,100,36,41,100,-127,25.60024,31.75173,2.334354
2025-03-20T11:49:02.435479,both_devices,21,94,27,26,100,-127,25.60558,31.75707,2.343323
2025-03-20T11:49:08.410484,both_devices,23,95,29,27,100,-127,25.60883,31.80246,2.319443
2025-03-20T11:49:14.591293,both_devices,21,99,29,30,100,-127,25.60635,32.02524,2.251467
2025-03-20T11:49:20.576881,both_devices,37,100,40,45,100,-127,25.59509,31.8572,2.334354
2025-03-20T11:49:26.585832,both_devices,23,99,30,31,100,-127,25.58384,31.66771,2.322421
2025-03-20T11:49:32.497263,both_devices,25,99,29,29,100,-127,25.58079,31.69956,2.307548
2025-03-20T11:49:38.351106,both_devices,59,93,23,20,100,-127,25.58517,31.78272,2.207679
2025-03-20T11:49:44.238286,both_devices,85,93,19,17,100,-127,25.60387,31.94313,2.090187
2025-03-20T11:49:52.307266,both_devices,100,100,39,40,100,-127,25.65346,32.7673,2.313492
2025-03-20T11:49:58.157330,both_devices,100,96,28,28,100,-127,25.67558,32.70168,2.334354
2025-03-20T11:50:04.055280,both_devices,98,93,19,16,100,-127,25.67978,32.56617,2.316466
2025-03-20T11:50:12.851777,both_devices,100,100,47,56,100,-127,25.69027,32.71723,2.331368
2025-03-20T11:50:18.700780,both_devices,98,93,22,19,100,-127,25.73891,32.72963,2.175841
2025-03-20T11:50:24.580787,both_devices,96,91,21,17,100,-127,25.77457,32.91473,2.42787
2025-03-20T11:50:30.459432,both_devices,97,94,21,22,100,-127,25.82264,33.05435,2.403561
2025-03-20T11:50:36.311646,both_devices,98,92,22,20,100,-127,25.84457,32.9442,2.251467
2025-03-20T11:50:44.091420,both_devices,100,98,32,32,100,-127,25.87414,33.24261,2.239748
2025-03-20T11:50:49.955716,both_devices,100,25,23,30,100,-127,25.96531,35.17609,1.450341
2025-03-20T11:50:55.814629,both_devices,19,15,15,18,100,-127,26.00365,35.23207,2.152832
2025-03-20T11:51:01.711564,both_devices,37,31,32,42,100,-127,26.01871,34.67712,2.078896
2025-03-20T11:51:07.567434,both_devices,33,27,28,38,100,-127,26.02367,33.78792,2.067636
2025-03-20T11:51:13.491445,both_devices,25,18,22,30,100,-127,26.01891,33.34322,2.056406
2025-03-20T11:51:19.350317,both_devices,29,23,26,38,100,-127,26.017,33.62322,1.362252
2025-03-20T11:51:26.348264,both_devices,22,20,20,36,100,-127,25.99812,33.09278,1.814459
2025-03-20T11:51:32.225395,both_devices,19,12,17,29,100,-127,26.01414,33.12101,1.577811
2025-03-20T11:51:38.096175,both_devices,19,10,17,28,100,-127,26.00651,32.95555,1.82765
2025-03-20T11:51:43.999919,both_devices,19,14,18,30,100,-127,25.99277,32.72572,1.886259
2025-03-20T11:51:49.868449,both_devices,19,16,18,31,100,-127,25.98343,32.73659,1.803941
2025-03-20T11:51:55.758379,both_devices,33,30,31,48,100,-127,25.97294,32.68785,1.782995
2025-03-20T11:52:01.617951,both_devices,19,8,19,28,100,-127,25.96874,32.7714,1.838238
2025-03-20T11:52:07.482648,both_devices,23,18,21,35,100,-127,25.94833,32.67021,1.883575
2025-03-20T11:52:13.367752,both_devices,14,14,14,29,100,-127,25.9531,32.82557,1.862171
2025-03-20T11:52:19.265634,both_devices,10,7,9,23,100,-127,25.94528,33.21486,1.870183
2025-03-20T11:52:25.119326,both_devices,19,14,19,32,100,-127,25.94528,33.70705,1.817093
2025-03-20T11:52:30.979706,both_devices,20,14,20,32,100,-127,25.95406,33.90884,1.806567
2025-03-20T11:52:36.846406,both_devices,15,11,16,28,100,-127,25.98419,34.17978,1.835588
2025-03-20T11:52:42.699838,both_devices,21,17,21,34,100,-127,26.02291,33.95224,1.769966
2025-03-20T11:52:48.553524,both_devices,19,16,18,33,100,-127,26.0107,33.19454,1.801316
2025-03-20T11:52:54.418832,both_devices,3,3,2,18,100,-127,26.0006,32.7877,1.835588
2025-03-20T11:53:00.280072,both_devices,13,10,14,26,100,-127,25.99354,33.00819,1.775172
2025-03-20T11:53:06.168235,both_devices,11,8,12,23,100,-127,25.99316,33.05874,1.798693
2025-03-20T11:53:12.035246,both_devices,7,6,9,23,100,-127,25.99926,33.0307,1.796072
2025-03-20T11:53:17.882421,both_devices,13,10,13,25,100,-127,25.98343,33.06265,1.780385
2025-03-20T11:53:23.792475,both_devices,17,17,18,33,100,-127,25.98419,33.76064,1.809196
2025-03-20T11:53:29.661009,both_devices,21,21,22,38,100,-127,25.97809,33.48818,1.751806
2025-03-20T11:53:35.519572,both_devices,4,5,4,21,100,-127,25.97504,33.21877,1.913205
2025-03-20T11:53:41.371218,both_devices,11,8,11,25,100,-127,25.96111,32.94926,1.764768
2025-03-20T11:53:47.258266,both_devices,18,14,18,31,100,-127,25.94223,32.92904,1.73374
2025-03-20T11:53:53.139884,both_devices,11,6,12,23,100,-127,25.9388,33.09708,1.767366
2025-03-20T11:53:59.336809,both_devices,18,14,18,31,100,-127,25.94967,32.94964,1.775172
2025-03-20T11:54:04.861486,both_devices,37,32,37,53,100,-127,25.96149,32.57351,1.790835
2025-03-20T11:54:12.482394,both_devices,59,41,56,76,100,-127,25.96474,32.22332,1.754395
2025-03-20T11:54:17.608090,both_devices,30,24,29,44,100,-127,25.97084,32.33528,1.744052
2025-03-20T11:54:22.739619,both_devices,56,52,55,74,100,-127,25.96111,32.40566,1.767366
2025-03-20T11:54:28.350804,both_devices,48,40,47,64,100,-127,25.9552,32.5366,1.817093
2025-03-20T11:54:34.220561,both_devices,48,38,47,63,100,-127,25.94528,32.658,1.875534
2025-03-20T11:54:40.075467,both_devices,34,27,33,47,100,-127,25.93498,32.64799,1.769966
2025-03-20T11:54:45.925398,both_devices,28,20,27,42,100,-127,25.91629,32.49884,1.838238
2025-03-20T11:54:51.807184,both_devices,53,49,52,72,100,-127,25.90904,32.76663,1.754395
2025-03-20T11:54:57.693651,both_devices,45,35,44,60,100,-127,25.92239,33.12988,1.659891
2025-03-20T11:55:03.568973,both_devices,68,59,65,88,100,-127,25.91705,33.25186,1.669981
2025-03-20T11:55:09.422432,both_devices,72,64,70,93,100,-127,25.91133,33.22802,1.685174
2025-03-20T11:55:15.322781,both_devices,92,84,90,100,100,-127,25.89703,33.02326,1.649831
2025-03-20T11:55:21.191665,both_devices,100,100,100,100,100,-127,25.89912,33.14905,1.731167
2025-03-20T11:55:27.052235,both_devices,100,100,100,100,100,-127,25.90237,32.96623,1.723458
2025-03-20T11:55:32.953922,both_devices,40,22,39,50,100,-127,25.89302,32.85074,1.675038
2025-03-20T11:55:38.826962,both_devices,65,53,62,82,100,-127,25.89226,32.71761,1.718329
2025-03-20T11:55:44.683454,both_devices,62,45,60,79,100,-127,25.90389,32.69558,1.772568
2025-03-20T11:55:50.586094,both_devices,35,28,34,54,100,-127,25.90771,32.75633,1.751806
2025-03-20T11:55:56.430093,both_devices,0,0,0,5,100,-127,25.91648,32.6436,1.644812
2025-03-20T11:56:02.281652,both_devices,31,37,31,50,100,-127,25.90809,32.55205,1.6323
2025-03-20T11:56:08.157985,both_devices,2,7,4,18,100,-127,25.91076,32.28827,1.644812
2025-03-20T11:56:14.010544,both_devices,18,24,19,34,100,-127,25.92239,32.2094,1.738892
2025-03-20T11:56:19.877764,both_devices,48,53,48,70,100,-127,25.91686,32.38649,1.720892
2025-03-20T11:56:25.747028,both_devices,19,26,20,36,100,-127,25.93746,32.49674,1.759578
2025-03-20T11:56:31.611275,both_devices,0,5,2,20,100,-127,25.9531,32.88441,1.682637
2025-03-20T11:56:37.507442,both_devices,3,12,5,13,100,-127,25.97752,32.66106,1.685174
2025-03-20T11:56:43.375838,both_devices,17,19,20,36,100,-127,25.97656,32.64484,1.764768
2025-03-20T11:56:49.231117,both_devices,13,16,14,33,100,-127,25.99888,32.82089,1.680102
2025-03-20T11:56:55.087858,both_devices,20,20,19,38,100,-127,26.00918,32.70102,1.708093
2025-03-20T11:57:00.948432,both_devices,9,12,9,26,100,-127,26.00555,32.63025,1.728595
2025-03-20T11:57:06.808488,both_devices,15,23,16,29,100,-127,25.99316,32.61518,1.728595
2025-03-20T11:57:12.729080,both_devices,2,10,4,12,100,-127,25.97847,32.80334,1.744052
2025-03-20T11:57:18.578685,both_devices,0,0,0,12,100,-127,25.98629,33.04043,1.662411
2025-03-20T11:57:24.446637,both_devices,19,22,20,39,100,-127,25.9882,32.89013,1.723458
2025-03-20T11:57:32.793784,both_devices,22,25,23,41,100,-127,25.97179,32.27873,1.685174
2025-03-20T11:57:38.759316,both_devices,48,51,48,72,100,-127,25.97218,32.27205,1.690254
2025-03-20T11:57:44.671453,both_devices,70,73,70,97,100,-127,26.0006,32.49464,1.775172
2025-03-20T11:57:50.533098,both_devices,39,41,39,63,100,-127,26.03302,32.31907,1.851515
2025-03-20T11:57:56.388158,both_devices,17,19,18,36,100,-127,26.06735,31.91252,1.9349
2025-03-20T11:58:02.252662,both_devices,4,8,6,20,100,-127,26.09863,32.4194,1.897015
2025-03-20T11:58:08.184280,both_devices,35,39,35,56,100,-127,26.1097,32.4687,2.000717
2025-03-20T11:58:18.438938,both_devices,61,63,59,84,100,-127,26.10073,32.16457,1.975907
2025-03-20T11:58:24.291315,both_devices,53,50,52,78,100,-127,26.09043,31.99301,1.918618
2025-03-20T11:58:30.144254,both_devices,14,16,15,32,100,-127,26.08395,31.98614,1.921327
2025-03-20T11:58:36.008001,both_devices,26,27,25,46,100,-127,26.09463,31.94447,1.93762
2025-03-20T11:58:43.521378,both_devices,23,31,24,41,100,-127,26.10722,31.95229,2.014568
2025-03-20T11:58:49.444939,both_devices,13,16,15,36,100,-127,26.1158,32.19366,1.9349
2025-03-20T11:58:55.302587,both_devices,7,10,7,24,100,-127,26.11847,32.17897,1.932181
2025-03-20T11:59:01.187657,both_devices,6,8,7,24,100,-127,26.13468,32.01265,1.951251
2025-03-20T11:59:07.039215,both_devices,4,7,5,24,100,-127,26.15051,31.80313,1.918618
2025-03-20T11:59:12.932154,both_devices,8,11,9,24,100,-127,26.16596,31.92539,1.93762
2025-03-20T11:59:18.788370,both_devices,5,9,6,20,100,-127,26.18504,32.14827,1.767366
2025-03-20T11:59:24.633565,both_devices,0,2,0,11,100,-127,26.17893,32.09867,0
